Time,GPS_lat,GPS_long,Speed,Steer,Heading,Acc,Angular_velocity
0.18578338623046875,10.871166,106.802948,0.0,0.0,0.000384,0.01,0.125
0.2934243679046631,0.0,0.0,0.0,0.0,0.000384,0.02,0.0625
0.5015015602111816,10.871166,106.802948,0.0,0.0,0.000384,-0.02,-0.125
0.5504817962646484,10.871166,106.802948,0.0,0.0,0.000384,-0.02,-0.125
0.7221407890319824,10.871166,106.802948,0.0,0.0,0.000384,0.0,-0.125
0.7723801136016846,10.871166,106.802948,0.0,0.0,0.000384,0.01,-0.0
0.8280198574066162,10.871166,106.802948,0.0,0.0,0.000384,0.0,-0.0
0.9330506324768066,0.0,0.0,0.0,0.0,0.000384,0.01,-0.0
0.9633722305297852,0.0,0.0,0.0,0.0,0.000384,0.0,0.0625
1.1562581062316895,0.0,0.0,0.0,0.0,0.000384,0.0,-0.0625
1.2858786582946777,0.0,0.0,0.0,0.0,0.000384,-0.06,0.0625
1.355318546295166,0.0,0.0,0.0,0.0,0.000704,-0.22,-0.0
1.4168386459350586,10.871166,106.802948,0.0,0.0,0.002163,-0.1,-0.0625
1.5198352336883545,0.0,0.0,0.0,0.0,-0.002475,-0.25,-0.1875
1.5580391883850098,0.0,0.0,0.0,0.0,0.000776,-0.17,-0.25
1.7500755786895752,0.0,0.0,0.0,0.0,0.002715,-0.12,-0.3125
1.9930768013000488,0.0,0.0,0.0,0.0,0.003081,0.01,-0.25
2.0613675117492676,0.0,0.0,0.0,0.0,0.031326,-0.08,-0.4375
2.2894985675811768,0.0,0.0,0.0,0.0,0.039113,0.0,-0.0625
2.3773765563964844,10.871166,106.802948,0.0,0.0,0.011367,-0.05,0.3125
2.4475443363189697,0.0,0.0,0.0,0.0,-0.288585,0.04,1.125
2.6452817916870117,0.0,0.0,0.0,0.0,-0.729002,0.09,1.375
2.713085651397705,0.0,0.0,0.0,0.0,-1.162281,-0.03,1.8125
2.907858371734619,0.0,0.0,0.0,0.0,-1.63757,-0.09,1.6875
3.0107226371765137,0.0,0.0,1.844892,0.0,-1.965767,-0.06,1.5625
3.0364420413970947,0.0,0.0,1.844892,0.0,-2.498008,0.12,1.5625
3.149043083190918,0.0,0.0,1.82781,0.0,-2.827066,0.24,1.8125
3.1756608486175537,0.0,0.0,1.82781,0.0,-3.212348,0.04,1.5
3.2880654335021973,0.0,0.0,1.82781,0.0,-3.647078,0.2,1.25
3.3363800048828125,0.0,0.0,1.82781,0.0,-4.068187,0.21,1.6875
3.3845419883728027,0.0,0.0,1.82781,0.0,-4.320855,-0.02,0.4375
3.5859551429748535,0.0,0.0,1.82781,0.0,-4.426398,0.08,0.75
3.6360225677490234,0.0,0.0,1.82781,0.0,-4.545749,0.12,0.6875
3.738140344619751,10.871166,106.802948,1.82781,0.0,-4.545749,0.12,0.25
3.785097360610962,10.871166,106.802948,1.82781,0.0,-4.545749,0.12,0.375
3.840818166732788,10.871166,106.802948,1.82781,0.0,-4.545749,0.12,0.375
3.9533729553222656,10.871166,106.802948,1.82781,0.0,-4.545749,0.12,0.375
4.052845478057861,10.871166,106.802948,1.82781,0.0,-4.545749,0.12,0.375
4.258597373962402,10.871166,106.802948,1.82781,0.0,-4.671952,0.27,-0.5625
4.508031368255615,0.0,0.0,1.82781,0.0,-4.636899,0.2,-0.4375
4.624301433563232,0.0,0.0,1.82781,0.0,-4.581506,0.14,-0.8125
4.675787925720215,0.0,0.0,1.82781,0.0,-4.511309,0.23,-0.8125
4.7244954109191895,0.0,0.0,1.82781,0.0,-4.42042,0.24,-0.6875
4.937962532043457,0.0,0.0,1.82781,0.0,-4.37144,0.36,-0.5625
5.0339195728302,0.0,0.0,1.82781,0.0,-4.308539,0.09,-0.1875
5.077539443969727,10.871166,106.802948,1.82781,0.0,-4.25981,0.17,-0.75
5.33179235458374,0.0,0.0,1.82781,0.0,-4.183773,0.0,-0.8125
5.498549461364746,0.0,0.0,1.82781,0.0,-4.114039,-0.18,-0.625
5.544923305511475,0.0,0.0,1.82781,0.0,-4.051487,0.03,-0.25
5.597043752670288,0.0,0.0,1.82781,0.0,-3.973951,0.09,-0.5
5.68028450012207,0.0,0.0,1.82781,0.0,-3.89045,0.09,-0.375
5.854276895523071,0.0,0.0,2.767339,0.0,-3.88388,-0.16,-0.375
5.952477931976318,0.0,0.0,2.767339,0.0,-3.869895,0.11,-0.125
6.067100763320923,0.0,0.0,2.869833,0.0,-3.869515,-0.02,-0.375
6.151313543319702,0.0,0.0,2.886915,0.0,-3.870168,0.23,-0.1875
6.21174430847168,0.0,0.0,2.886915,0.0,-3.863724,0.0,-0.3125
6.269327878952026,0.0,0.0,2.886915,0.0,-3.850273,0.2,-0.25
6.364858388900757,0.0,0.0,2.886915,0.0,-3.850332,0.15,-0.5625
6.391618490219116,0.0,0.0,2.886915,0.0,-3.850282,0.0,-0.4375
6.5068254470825195,10.871166,106.802948,2.886915,0.0,-3.850263,-0.09,-0.1875
6.599466323852539,10.871166,106.802948,2.886915,0.0,-3.850263,-0.09,-0.1875
6.658281326293945,10.871166,106.802948,2.886915,0.0,-3.835271,0.05,-0.375
6.7036566734313965,10.871166,106.802948,2.886915,0.0,-3.834909,-0.3,0.3125
6.7271506786346436,0.0,0.0,2.886915,0.0,-4.086349,-0.03,0.875
6.7814061641693115,0.0,0.0,2.886915,0.0,-4.33135,0.32,1.125
6.843766689300537,0.0,0.0,2.886915,0.0,-4.688644,0.23,1.1875
7.066993951797485,0.0,0.0,2.886915,0.0,-5.943833,0.03,2.0
7.28104829788208,0.0,0.0,2.886915,0.0,-6.533052,0.29,1.75
7.525111436843872,10.871166,106.802948,2.886915,0.0,-6.960995,-0.11,2.125
7.5576465129852295,0.0,0.0,2.886915,0.0,-7.549573,0.17,2.0
7.6041975021362305,0.0,0.0,2.886915,0.0,-8.187855,-0.11,2.0625
7.7901225090026855,0.0,0.0,2.886915,0.0,-8.846372,0.26,1.8125
7.8154871463775635,0.0,0.0,2.886915,0.0,-9.485453,-0.03,2.25
7.946193218231201,0.0,0.0,2.886915,0.0,-10.089338,-0.03,2.0
8.016042947769165,0.0,0.0,2.886915,0.0,-10.71491,0.12,2.125
8.075194835662842,10.871284,106.803085,2.886915,0.0,-11.116077,-0.16,1.875
8.15225338935852,0.0,0.0,2.886915,0.0,-11.763868,0.01,2.1875
8.331361770629883,0.0,0.0,3.228562,0.0,-12.221127,0.3,2.5
8.503294706344604,0.0,0.0,3.228562,0.0,-14.587266,0.46,3.125
8.672221183776855,0.0,0.0,3.14315,0.0,-15.341442,0.2,3.5625
8.765579223632812,0.0,0.0,3.262726,0.0,-16.034134,0.1,3.5
8.802541255950928,10.871284,106.803085,3.194397,0.0,-16.506639,0.33,3.375
8.90696096420288,0.0,0.0,3.057738,0.0,-17.255907,0.09,3.375
9.000172138214111,0.0,0.0,3.057738,0.0,-18.424324,0.11,3.625
9.050717830657959,0.0,0.0,3.057738,0.0,-19.502819,-0.17,3.625
9.211981534957886,0.0,0.0,3.057738,0.0,-20.568947,-0.03,3.375
9.37498426437378,0.0,0.0,3.057738,0.0,-21.61459,0.27,3.5
9.458693504333496,0.0,0.0,3.057738,0.0,-22.654764,-0.43,3.0625
9.65504264831543,0.0,0.0,3.057738,0.0,-23.762676,0.03,3.5625
9.702129125595093,10.871284,106.803085,3.057738,0.0,-24.649706,0.0,4.5625
9.907487869262695,0.0,0.0,3.057738,0.0,-26.156004,-0.19,4.8125
10.010653018951416,0.0,0.0,3.057738,0.0,-27.753366,-0.05,5.5625
10.235234260559082,0.0,0.0,3.057738,0.0,-29.69544,0.22,6.375
10.327575922012329,0.0,0.0,3.057738,0.0,-32.004375,0.14,8.1875
10.391170978546143,0.0,0.0,3.057738,0.0,-34.507648,0.29,8.1875
10.490888595581055,10.871284,106.803085,3.057738,0.0,-34.830009,-0.21,8.125
10.558355331420898,10.871284,106.803085,3.057738,0.0,-34.830009,-0.21,8.125
10.734488725662231,10.871284,106.803085,3.057738,0.0,-43.684319,-0.01,8.125
10.928878784179688,10.871284,106.803085,3.057738,0.0,-46.160446,0.43,12.25
11.02409029006958,0.0,0.0,3.057738,0.0,-50.669033,-0.37,14.6875
11.068103551864624,0.0,0.0,3.057738,0.0,-55.034485,0.21,15.6875
11.328322649002075,0.0,0.0,3.057738,0.0,-59.997536,0.06,16.5
11.5043306350708,0.0,0.0,3.057738,0.0,-65.503586,0.05,17.875
11.724503755569458,0.0,0.0,3.057738,0.0,-70.855698,-0.28,19.0
11.801780700683594,0.0,0.0,3.057738,0.0,-76.982483,0.13,19.6875
11.867575883865356,10.871333,106.8032,3.057738,0.0,-80.861794,0.28,20.3125
12.015499591827393,0.0,0.0,3.091903,0.0,-85.064568,0.41,19.875
12.047808647155762,0.0,0.0,3.194397,0.0,-88.64798,-0.03,18.5
12.27092981338501,0.0,0.0,3.194397,0.0,-92.528481,0.01,18.0
12.331933736801147,0.0,0.0,3.160232,0.0,-96.031693,-0.19,18.0625
12.379850149154663,0.0,0.0,3.313973,0.0,-99.683388,-0.18,17.0625
12.470749139785767,0.0,0.0,3.450632,0.0,-110.245522,0.02,16.9375
12.500942707061768,0.0,0.0,3.65562,0.0,-113.711731,-0.01,16.375
12.562905550003052,0.0,0.0,3.65562,0.0,-118.089355,0.26,14.5
12.60803747177124,0.0,0.0,3.65562,0.0,-122.395416,-0.01,14.9375
12.658732891082764,0.0,0.0,3.65562,0.0,-127.225189,0.19,13.3125
12.854831457138062,0.0,0.0,3.65562,0.0,-131.081696,0.26,13.25
12.897437334060669,0.0,0.0,3.65562,0.0,-135.263245,0.06,13.375
12.937854766845703,0.0,0.0,3.65562,0.0,-139.491959,0.05,14.8125
12.980602502822876,10.8713,106.80323,3.65562,0.0,-142.987381,0.38,16.0625
13.032849073410034,0.0,0.0,3.65562,0.0,-147.70224,0.41,16.3125
13.246996641159058,0.0,0.0,3.65562,0.0,-152.069061,0.36,13.625
13.492122173309326,0.0,0.0,3.65562,0.0,-155.663071,0.24,12.6875
13.580150842666626,0.0,0.0,3.65562,0.0,-162.263062,0.22,5.3125
13.633846759796143,10.8713,106.80323,3.65562,0.0,-162.966354,0.27,3.6875
13.764178037643433,0.0,0.0,3.65562,0.0,-163.498749,0.23,1.5625
13.78867220878601,0.0,0.0,3.65562,0.0,-162.978027,0.11,-2.1875
13.876627206802368,0.0,0.0,3.65562,0.0,-161.623077,0.19,-4.5
14.042104244232178,0.0,0.0,3.65562,0.0,-160.276993,0.19,-4.125
14.19086503982544,0.0,0.0,3.65562,0.0,-158.851898,-0.02,-4.625
14.359113931655884,0.0,0.0,3.65562,0.0,-157.467834,0.15,-5.1875
14.388055801391602,10.8713,106.80323,4.099761,0.0,-156.935059,0.08,-4.4375
14.43638014793396,0.0,0.0,4.099761,0.0,-156.045181,0.24,-4.6875
14.477167129516602,0.0,0.0,4.099761,0.0,-154.634293,-0.21,-4.875
14.515426397323608,0.0,0.0,4.560984,0.0,-151.345886,-0.31,-4.75
14.570611476898193,0.0,0.0,4.612231,0.0,-150.240234,0.12,-5.3125
14.610243082046509,0.0,0.0,4.697643,0.0,-149.169388,0.23,-5.1875
14.833020210266113,10.8713,106.80323,4.851384,0.0,-148.496231,0.27,-5.3125
14.90487265586853,10.8713,106.80323,4.851384,0.0,-148.496231,0.27,-5.3125
14.981246709823608,10.8713,106.80323,4.851384,0.0,-147.595352,-0.24,-5.3125
15.02761697769165,10.8713,106.80323,4.851384,0.0,-147.95195,0.32,2.0
15.079536437988281,0.0,0.0,4.851384,0.0,-148.506989,-0.47,1.75
15.120320796966553,0.0,0.0,4.851384,0.0,-149.133179,0.13,2.3125
15.163125038146973,0.0,0.0,4.851384,0.0,-150.290894,-0.01,4.1875
15.364339590072632,0.0,0.0,4.851384,0.0,-151.678268,-0.06,4.1875
15.42218279838562,0.0,0.0,4.851384,0.0,-152.999268,0.02,4.375
15.482092142105103,0.0,0.0,4.851384,0.0,-153.907486,-0.29,3.75
15.528969764709473,10.8713,106.80323,4.851384,0.0,-153.907486,-0.29,3.75
15.710670232772827,10.8713,106.80323,4.851384,0.0,-153.907486,-0.29,3.75
15.758170127868652,10.8713,106.80323,4.851384,0.0,-153.300903,-0.25,-2.125
15.954517364501953,10.8713,106.80323,4.851384,0.0,-153.098297,0.32,-1.1875
16.134215116500854,0.0,0.0,4.851384,0.0,-153.298035,-0.14,0.8125
16.18235945701599,0.0,0.0,4.851384,0.0,-153.927048,0.31,2.125
16.240905046463013,0.0,0.0,4.851384,0.0,-154.631378,0.55,1.9375
16.293092727661133,0.0,0.0,4.851384,0.0,-155.425079,0.16,2.3125
16.33893322944641,0.0,0.0,4.851384,0.0,-155.988129,0.42,1.6875
16.391271829605103,10.8713,106.80323,4.851384,0.0,-156.978683,-0.37,1.25
16.58647656440735,0.0,0.0,4.851384,0.0,-157.386719,0.2,1.375
16.642164707183838,0.0,0.0,5.842159,0.0,-157.678955,0.05,1.25
16.864894151687622,0.0,0.0,5.859241,0.0,-157.905762,-0.24,1.375
17.04781222343445,0.0,0.0,5.910489,0.0,-158.180252,-0.12,1.6875
17.09740376472473,0.0,0.0,6.012982,0.0,-158.46196,-0.14,1.1875
17.287675380706787,0.0,0.0,5.927571,0.0,-158.75737,-0.31,1.125
17.355422973632812,10.8713,106.80323,5.944653,0.0,-158.835388,0.68,1.4375
17.406834840774536,10.8713,106.80323,5.944653,0.0,-158.264725,0.01,1.4375
17.465915203094482,10.8713,106.80323,5.944653,0.0,-157.581528,0.17,0.3125
17.488303899765015,10.8713,106.80323,6.149641,0.0,-157.587479,0.12,-0.0625
17.561189651489258,0.0,0.0,6.149641,0.0,-157.58699,0.32,0.375
17.58525848388672,0.0,0.0,6.149641,0.0,-157.621262,-0.08,-0.125
17.63009262084961,0.0,0.0,6.149641,0.0,-158.558334,0.1,1.875
17.80257272720337,0.0,0.0,6.149641,0.0,-159.120651,-0.28,2.3125
17.87160849571228,10.8713,106.80323,6.149641,0.0,-159.638,-0.11,1.25
18.08291792869568,0.0,0.0,6.149641,0.0,-160.052368,0.16,1.125
18.155067920684814,0.0,0.0,6.149641,0.0,-160.279984,0.13,0.4375
18.39641261100769,0.0,0.0,6.149641,0.0,-160.197464,-0.23,-0.4375
18.431690216064453,0.0,0.0,6.149641,0.0,-160.090118,-0.25,-0.6875
18.45698857307434,0.0,0.0,6.149641,0.0,-160.092148,0.21,-0.25
18.696390390396118,0.0,0.0,6.149641,0.0,-160.189484,-0.17,1.0
18.966881275177002,10.8713,106.80323,6.149641,0.0,-160.189484,-0.17,1.3125
19.019264221191406,10.8713,106.80323,6.149641,0.0,-160.189484,-0.17,1.3125
19.07858896255493,10.8713,106.80323,6.149641,0.0,-162.147018,-0.21,0.8125
19.143094062805176,10.8713,106.80323,6.149641,0.0,-162.336502,-0.04,0.75
19.19981288909912,0.0,0.0,6.149641,0.0,-162.130432,-0.1,-1.0
19.393211841583252,0.0,0.0,6.149641,0.0,-161.673523,0.04,-1.75
19.451900243759155,0.0,0.0,6.149641,0.0,-160.815353,0.44,-3.25
19.491138458251953,0.0,0.0,6.115477,0.0,-160.166306,-0.44,-3.0625
19.535054206848145,0.0,0.0,6.2863,0.0,-159.799789,-0.22,-1.5625
19.599070072174072,0.0,0.0,6.047147,0.0,-159.615509,-0.41,-0.75
19.762526273727417,10.870784,106.803268,5.978818,0.0,-159.628281,-0.15,-0.1875
19.84487819671631,0.0,0.0,5.978818,0.0,-159.941513,-0.11,1.5
19.94036364555359,0.0,0.0,5.961736,0.0,-160.254654,-0.18,1.6875
19.96627116203308,0.0,0.0,5.978818,0.0,-160.592941,-0.28,1.5
20.02054715156555,0.0,0.0,6.064229,0.0,-160.924774,-0.3,1.625
20.045227766036987,0.0,0.0,5.927571,0.0,-161.275284,-0.03,1.5625
20.10486650466919,0.0,0.0,5.927571,0.0,-161.592117,-0.21,1.625
20.3020658493042,0.0,0.0,6.030065,0.0,-162.439117,-0.13,1.3125
20.453851222991943,10.870784,106.803268,6.030065,0.0,-162.544006,-0.16,-0.3125
20.48334288597107,10.870784,106.803268,6.030065,0.0,-162.293945,0.14,-1.0625
20.53064227104187,0.0,0.0,6.030065,0.0,-161.960602,0.05,-1.3125
20.620553731918335,0.0,0.0,6.030065,0.0,-161.14183,0.07,-3.4375
20.671931982040405,0.0,0.0,6.030065,0.0,-160.153473,-0.25,-3.625
20.778581142425537,0.0,0.0,6.030065,0.0,-159.06601,0.1,-3.5
20.85588788986206,0.0,0.0,6.030065,0.0,-157.876587,-0.06,-3.6875
20.87782597541809,0.0,0.0,6.030065,0.0,-156.839172,0.0,-3.625
20.900416135787964,0.0,0.0,6.030065,0.0,-155.725327,-0.05,-3.875
21.086314916610718,0.0,0.0,6.030065,0.0,-154.706635,-0.16,-3.1875
21.139429807662964,0.0,0.0,6.030065,0.0,-153.764389,-0.13,-2.8125
21.33670210838318,0.0,0.0,6.030065,0.0,-153.360809,0.05,-1.125
21.371772289276123,0.0,0.0,6.030065,0.0,-153.15126,-0.17,-0.3125
21.413198947906494,0.0,0.0,6.030065,0.0,-153.624146,-0.22,3.125
21.458938121795654,10.870784,106.803268,6.030065,0.0,-154.589508,0.04,3.125
21.480931997299194,0.0,0.0,6.030065,0.0,-155.562363,-0.19,3.0625
21.503801107406616,0.0,0.0,6.030065,0.0,-156.34874,0.26,2.1875
21.542173862457275,0.0,0.0,6.440041,0.0,-156.60051,-0.29,0.875
21.592352390289307,0.0,0.0,6.50837,0.0,-156.810059,0.09,1.3125
21.627103328704834,0.0,0.0,6.50837,0.0,-156.736343,0.18,-0.125
21.688396453857422,0.0,0.0,6.405876,0.0,-156.470413,0.28,-1.6875
21.739872217178345,10.870784,106.803268,6.559618,0.0,-156.049088,0.04,-1.4375
21.763427019119263,10.870784,106.803268,6.559618,0.0,-156.049088,0.04,-1.4375
21.785154342651367,10.870784,106.803268,6.559618,0.0,-154.936356,0.03,-1.125
21.823886394500732,10.870784,106.803268,6.303382,0.0,-154.797607,-0.18,-0.8125
21.845736503601074,0.0,0.0,6.303382,0.0,-154.581268,-0.16,-0.6875
21.869372844696045,0.0,0.0,6.252135,0.0,-154.501923,0.28,-0.5
21.92332649230957,0.0,0.0,6.166724,0.0,-154.892624,0.11,1.8125
21.970762729644775,0.0,0.0,6.217971,0.0,-155.556122,-0.06,3.125
22.0108323097229,0.0,0.0,6.217971,0.0,-156.553528,-0.12,3.1875
22.19998574256897,0.0,0.0,6.217971,0.0,-157.626633,0.14,3.4375
22.222010850906372,0.0,0.0,6.217971,0.0,-158.615265,0.17,3.3125
22.2437424659729,0.0,0.0,6.217971,0.0,-159.053253,-0.41,1.0625
22.305952310562134,0.0,0.0,6.217971,0.0,-159.136765,-0.08,0.6875
22.347050189971924,0.0,0.0,6.217971,0.0,-158.732834,0.34,-1.5
22.41632056236267,0.0,0.0,6.217971,0.0,-157.828445,0.27,-3.0
22.61287212371826,0.0,0.0,6.217971,0.0,-156.837708,-0.1,-3.1875
22.654124975204468,0.0,0.0,6.217971,0.0,-155.90329,0.21,-3.3125
22.747611045837402,10.870417,106.803299,6.217971,0.0,-155.59491,0.26,-3.3125
22.783329248428345,10.870417,106.803299,6.217971,0.0,-155.59491,0.26,-3.3125
22.817418575286865,10.870417,106.803299,6.217971,0.0,-152.136826,-0.39,-2.625
22.855183362960815,10.870383,106.803307,6.217971,0.0,-151.582092,0.19,-2.3125
23.033094882965088,0.0,0.0,6.217971,0.0,-150.758759,-0.21,-2.4375
23.13400173187256,0.0,0.0,6.217971,0.0,-149.993912,0.1,-2.75
23.29367733001709,0.0,0.0,6.217971,0.0,-149.023544,0.18,-3.5625
23.529609203338623,0.0,0.0,5.739665,0.0,-148.429718,0.56,-3.0625
23.579608917236328,0.0,0.0,5.722583,0.0,-147.787659,-0.05,-3.0
23.741711139678955,0.0,0.0,5.790912,0.0,-147.211304,-0.28,-2.875
23.96013569831848,0.0,0.0,5.825077,0.0,-146.879623,-0.1,-2.875
24.023083686828613,10.870383,106.803307,5.825077,0.0,-146.879623,-0.1,-2.875
24.046072721481323,10.870383,106.803307,5.825077,0.0,-142.813873,-0.43,-2.875
24.068716764450073,10.870383,106.803307,5.842159,0.0,-141.978302,-0.21,-5.1875
24.133516550064087,0.0,0.0,5.825077,0.0,-140.846237,0.38,-5.375
24.157193422317505,0.0,0.0,5.842159,0.0,-139.702591,0.25,-5.4375
24.216389179229736,0.0,0.0,5.859241,0.0,-138.578278,0.52,-5.25
24.26974105834961,0.0,0.0,5.807994,0.0,-137.576279,-0.57,-5.3125
24.29584789276123,0.0,0.0,5.825077,0.0,-136.622849,-0.01,-4.8125
24.318299770355225,0.0,0.0,5.876324,0.0,-135.571762,-0.04,-4.875
24.52090358734131,0.0,0.0,5.876324,0.0,-134.214691,-0.07,-4.625
24.56622624397278,0.0,0.0,5.876324,0.0,-133.596985,0.47,-2.25
24.590163946151733,10.870383,106.803307,5.876324,0.0,-132.96344,-0.18,-2.375
24.61307406425476,0.0,0.0,5.876324,0.0,-132.260178,-0.44,-1.9375
24.82597827911377,0.0,0.0,5.876324,0.0,-131.48494,-0.04,-3.0625
24.859276056289673,0.0,0.0,5.876324,0.0,-130.507843,-0.45,-3.125
24.88035750389099,0.0,0.0,5.876324,0.0,-128.991928,0.06,-5.5625
25.02633237838745,0.0,0.0,5.876324,0.0,-127.24897,0.21,-5.8125
25.080679178237915,0.0,0.0,5.876324,0.0,-125.664246,0.24,-5.0625
25.266019344329834,10.870383,106.803307,5.876324,0.0,-124.468895,0.09,-5.125
25.317598819732666,0.0,0.0,5.876324,0.0,-122.143967,0.47,-9.3125
25.377069234848022,0.0,0.0,5.876324,0.0,-112.615944,0.6,-11.6875
25.56683111190796,0.0,0.0,5.876324,0.0,-108.673874,0.1,-11.125
25.589563131332397,0.0,0.0,5.876324,0.0,-104.964539,-0.67,-12.625
25.637160778045654,10.870383,106.803307,5.876324,0.0,-102.09333,0.05,-14.3125
25.658831357955933,0.0,0.0,5.876324,0.0,-98.106194,-0.65,-14.1875
25.709285259246826,0.0,0.0,5.124701,0.0,-95.243729,0.65,-13.75
25.755666971206665,0.0,0.0,4.851384,0.0,-86.22123,0.81,-9.125
25.856072664260864,0.0,0.0,4.988042,0.0,-84.801903,0.62,-7.0625
26.05212903022766,0.0,0.0,4.748889,0.0,-83.689819,-0.19,-5.125
26.100091695785522,10.870383,106.803307,4.885548,0.0,-83.689819,-0.19,-4.0
26.147454261779785,10.870383,106.803307,4.885548,0.0,-83.689819,-0.19,-4.0
26.184139013290405,10.870383,106.803307,4.885548,0.0,-80.77404,-0.2,-4.0
26.345495462417603,10.870383,106.803307,4.560984,0.0,-80.508278,0.08,-2.75
26.392789363861084,0.0,0.0,4.475572,0.0,-80.215385,0.24,-0.75
26.6023108959198,0.0,0.0,4.321831,0.0,-80.114609,0.41,-0.8125
26.655637741088867,0.0,0.0,4.321831,0.0,-79.959946,-0.93,-0.9375
26.860166549682617,0.0,0.0,4.321831,0.0,-79.832565,-0.21,-0.3125
26.95714807510376,0.0,0.0,4.321831,0.0,-79.668831,-0.21,-1.125
27.03613257408142,10.8702,106.803535,4.321831,0.0,-79.668831,-0.21,-0.6875
27.083778619766235,10.8702,106.803535,4.321831,0.0,-79.668831,-0.21,-0.6875
27.13178515434265,10.8702,106.803535,4.321831,0.0,-79.668831,-0.21,-0.6875
27.322957277297974,10.8702,106.803535,4.321831,0.0,-79.059647,0.37,-0.6875
27.546154975891113,10.8702,106.803535,4.321831,0.0,-78.977959,0.16,-0.0
27.60357117652893,0.0,0.0,4.321831,0.0,-78.877747,0.07,-0.375
27.67950940132141,0.0,0.0,4.321831,0.0,-78.823387,0.28,-0.5625
27.71892786026001,0.0,0.0,4.321831,0.0,-78.796005,0.03,0.0625
27.77558469772339,0.0,0.0,4.321831,0.0,-79.376991,0.21,2.4375
27.833824396133423,0.0,0.0,4.321831,0.0,-80.289276,0.25,3.1875
28.061128854751587,0.0,0.0,4.321831,0.0,-80.921928,0.28,2.8125
28.110482931137085,10.8702,106.803535,4.321831,0.0,-80.921928,0.28,2.8125
28.202648162841797,10.8702,106.803535,4.321831,0.0,-80.921928,0.28,2.8125
28.270978689193726,10.8702,106.803535,4.321831,0.0,-80.921928,0.28,2.8125
28.519301176071167,10.8702,106.803535,4.321831,0.0,-84.972717,-0.12,1.5
28.554264307022095,10.8702,106.803535,4.099761,0.0,-85.153206,0.27,1.375
28.607325315475464,0.0,0.0,4.16809,0.0,-85.390503,0.08,0.8125
28.64679741859436,0.0,0.0,4.202255,0.0,-85.600266,0.32,1.0
28.702373266220093,0.0,0.0,4.219337,0.0,-85.524193,-0.2,-0.5625
28.948613166809082,0.0,0.0,4.185173,0.0,-85.314629,-0.37,-0.75
29.037647247314453,0.0,0.0,4.373078,0.0,-84.688309,0.0,-1.25
29.087865591049194,0.0,0.0,4.287666,0.0,-84.470886,-0.09,-1.125
29.145869731903076,10.8702,106.803535,4.270584,0.0,-84.414062,0.33,-1.0
29.183717012405396,10.8702,106.803535,4.270584,0.0,-83.586723,0.49,-0.875
29.28549289703369,10.8702,106.803535,4.373078,0.0,-83.436417,-0.43,-1.25
29.38639783859253,0.0,0.0,4.355996,0.0,-83.258667,0.23,-1.3125
29.588000297546387,0.0,0.0,4.355996,0.0,-82.932281,-0.27,-1.0
29.627421140670776,0.0,0.0,4.355996,0.0,-82.625305,0.36,-0.6875
29.671087503433228,0.0,0.0,4.355996,0.0,-82.318375,-0.05,-1.5
29.697033166885376,0.0,0.0,4.355996,0.0,-82.012222,0.46,-1.4375
29.94845986366272,0.0,0.0,4.355996,0.0,-81.845505,0.27,-0.25
29.983545064926147,10.8702,106.803535,4.355996,0.0,-81.845894,0.2,0.0625
30.171502351760864,10.8702,106.803535,4.355996,0.0,-81.845894,0.2,0.0625
30.39298701286316,10.8702,106.803535,4.355996,0.0,-81.845894,0.2,0.0625
30.482006311416626,10.8702,106.803535,4.355996,0.0,-82.103302,-0.4,0.875
30.534230709075928,0.0,0.0,4.355996,0.0,-82.428177,0.62,1.1875
30.62606978416443,0.0,0.0,4.355996,0.0,-82.697891,-0.19,0.875
30.693219661712646,0.0,0.0,4.355996,0.0,-83.024269,0.22,1.125
30.783753871917725,0.0,0.0,4.355996,0.0,-83.398163,-0.31,1.4375
30.972684383392334,0.0,0.0,4.355996,0.0,-83.745369,0.18,1.1875
31.071564197540283,0.0,0.0,4.355996,0.0,-84.11219,0.25,1.375
31.27315640449524,10.8702,106.803535,4.355996,0.0,-84.347893,-0.17,1.1875
31.372265100479126,0.0,0.0,4.355996,0.0,-84.745148,-0.29,1.125
31.401877880096436,0.0,0.0,4.595149,0.0,-85.190872,-0.02,2.25
31.42718195915222,0.0,0.0,4.663478,0.0,-85.877525,0.35,3.3125
31.57321524620056,0.0,0.0,4.697643,0.0,-86.510132,-0.16,3.5625
31.77298402786255,0.0,0.0,4.714725,0.0,-87.213272,-0.22,3.25
31.985077142715454,0.0,0.0,4.936795,0.0,-87.832726,-0.22,3.25
32.01591992378235,0.0,0.0,4.748889,0.0,-88.533859,-0.57,3.5
32.047821283340454,10.8702,106.803535,4.834301,0.0,-88.935066,-0.06,2.875
32.11328911781311,10.8702,106.803535,4.834301,0.0,-88.935066,-0.06,2.875
32.17419457435608,10.8702,106.803535,5.158866,0.0,-91.023964,0.01,-0.125
32.27664828300476,10.8702,106.803535,5.039289,0.0,-91.023567,0.59,0.5
32.332032918930054,0.0,0.0,5.141783,0.0,-91.03228,0.04,0.1875
32.36425304412842,0.0,0.0,5.107619,0.0,-91.032112,-0.28,0.4375
32.56792378425598,0.0,0.0,5.107619,0.0,-91.702133,0.53,2.125
32.641817569732666,0.0,0.0,5.056372,0.0,-92.347015,0.29,3.75
32.67653965950012,0.0,0.0,5.158866,0.0,-93.117493,0.33,3.9375
32.69915747642517,0.0,0.0,4.953878,0.0,-93.811569,0.22,3.75
32.73475670814514,0.0,0.0,4.953878,0.0,-94.892212,0.5,3.5
32.88518404960632,0.0,0.0,4.953878,0.0,-96.03727,0.61,3.9375
32.96221089363098,0.0,0.0,5.19303,0.0,-97.214615,0.0,5.875
33.02870464324951,0.0,0.0,5.19303,0.0,-98.847244,-0.87,5.25
33.06145477294922,0.0,0.0,5.19303,0.0,-100.572914,-0.33,5.0625
33.25288963317871,0.0,0.0,5.19303,0.0,-102.209732,-0.11,5.75
33.30604934692383,0.0,0.0,5.19303,0.0,-104.020805,0.45,5.75
33.38270425796509,0.0,0.0,5.19303,0.0,-105.729782,0.62,5.5625
33.43004393577576,0.0,0.0,5.19303,0.0,-107.331764,0.17,5.125
33.463587284088135,0.0,0.0,5.19303,0.0,-108.891182,-0.15,4.5625
33.557921409606934,0.0,0.0,5.19303,0.0,-109.955917,0.4,3.375
33.60372972488403,0.0,0.0,5.19303,0.0,-111.011055,0.05,3.125
33.807353258132935,0.0,0.0,5.19303,0.0,-111.4459,-0.16,1.0
33.8672080039978,0.0,0.0,5.19303,0.0,-111.743996,-0.17,1.0
33.96393966674805,10.870216,106.803902,5.19303,0.0,-111.944534,0.08,0.875
34.197699308395386,0.0,0.0,5.175948,0.0,-112.459564,0.08,0.8125
34.25068473815918,0.0,0.0,5.295525,0.0,-112.676292,-0.3,-0.0
34.29560589790344,0.0,0.0,5.107619,0.0,-112.814552,0.73,-0.0
34.32298994064331,0.0,0.0,5.398018,0.0,-112.993446,-0.06,0.6875
34.43570899963379,0.0,0.0,5.278442,0.0,-113.13002,-0.71,1.8125
34.57599425315857,0.0,0.0,5.329689,0.0,-113.384804,-0.24,1.6875
34.7565336227417,10.870216,106.803902,5.278442,0.0,-114.021736,-0.52,4.3125
34.79937958717346,0.0,0.0,5.48343,0.0,-114.693886,2.5,3.8125
34.9018988609314,0.0,0.0,5.363854,0.0,-115.584229,0.19,1.9375
34.92773795127869,0.0,0.0,5.432183,0.0,-116.36142,0.33,4.0
34.95186185836792,0.0,0.0,5.022207,0.0,-117.22393,-0.36,4.5625
34.99785089492798,0.0,0.0,5.175948,0.0,-117.969826,0.53,3.6875
35.23351073265076,0.0,0.0,5.568841,0.0,-118.780823,0.46,3.875
35.30444693565369,0.0,0.0,5.158866,0.0,-119.59211,0.36,4.125
35.35009837150574,0.0,0.0,5.312607,0.0,-120.428535,0.41,4.75
35.39708685874939,10.870216,106.803902,5.637171,0.0,-120.785431,0.29,4.1875
35.42663860321045,10.870216,106.803902,5.637171,0.0,-120.785431,0.29,4.1875
35.54617524147034,10.870216,106.803902,5.637171,0.0,-126.955719,-0.12,6.1875
35.578548431396484,10.870216,106.803902,5.637171,0.0,-128.14183,0.61,6.125
35.644169330596924,0.0,0.0,5.073454,0.0,-129.282074,-0.27,5.125
35.817999839782715,0.0,0.0,5.073454,0.0,-130.635193,0.34,4.6875
35.85404586791992,0.0,0.0,5.073454,0.0,-131.839432,0.28,3.75
36.02801299095154,0.0,0.0,5.073454,0.0,-133.44133,-0.09,1.8125
36.12597417831421,10.87015,106.804047,5.073454,0.0,-133.963211,-0.11,2.0
36.381596326828,10.87015,106.804047,5.073454,0.0,-134.440598,0.06,1.8125
36.421672105789185,0.0,0.0,5.073454,0.0,-135.069916,0.57,2.0625
36.52053618431091,0.0,0.0,5.073454,0.0,-135.758453,0.46,2.625
36.592830419540405,0.0,0.0,5.073454,0.0,-136.519836,0.19,1.625
36.68580365180969,0.0,0.0,5.073454,0.0,-137.597382,0.32,3.75
36.791609048843384,0.0,0.0,5.073454,0.0,-138.802841,-0.12,4.375
36.99492907524109,0.0,0.0,5.073454,0.0,-139.264969,-0.38,3.875
37.0526180267334,10.87015,106.804047,5.073454,0.0,-139.264969,-0.38,3.875
37.27589392662048,10.87015,106.804047,5.073454,0.0,-142.534286,0.13,3.875
37.372058153152466,10.87015,106.804047,5.073454,0.0,-142.822144,-0.13,4.1875
37.42853927612305,0.0,0.0,5.056372,0.0,-143.608093,-0.44,3.3125
37.57906723022461,0.0,0.0,5.022207,0.0,-146.09082,-0.07,3.9375
37.6594033241272,0.0,0.0,5.073454,0.0,-146.910599,-0.55,4.625
37.85705614089966,0.0,0.0,5.124701,0.0,-147.497635,-0.09,2.3125
37.90547466278076,0.0,0.0,5.056372,0.0,-147.954971,-0.05,2.5625
38.01253056526184,0.0,0.0,5.056372,0.0,-148.469894,-0.53,2.8125
38.03895282745361,0.0,0.0,5.210113,0.0,-148.90184,-0.01,2.25
38.09519147872925,10.87005,106.804169,5.056372,0.0,-149.192444,-0.67,2.4375
38.33584547042847,0.0,0.0,5.073454,0.0,-149.73967,-0.12,2.5625
38.388421058654785,0.0,0.0,5.295525,0.0,-150.332306,-0.07,3.0625
38.43749403953552,0.0,0.0,5.278442,0.0,-150.923553,-0.24,2.6875
38.52941298484802,0.0,0.0,5.295525,0.0,-151.6436,0.28,4.25
38.74333930015564,0.0,0.0,5.107619,0.0,-152.689621,-0.71,5.125
38.806363344192505,0.0,0.0,5.005125,0.0,-153.745804,-0.57,5.0625
38.837385416030884,0.0,0.0,5.210113,0.0,-154.762817,0.68,4.75
38.899840354919434,10.87005,106.804169,5.227195,0.0,-157.266663,0.14,5.0625
38.981492042541504,10.87005,106.804169,5.227195,0.0,-158.194244,-0.77,5.0625
39.05106234550476,10.87005,106.804169,5.227195,0.0,-158.194244,-0.77,5.0625
39.11988377571106,10.87005,106.804169,5.227195,0.0,-159.867096,0.14,1.0625
39.38548994064331,10.87005,106.804169,5.227195,0.0,-160.119385,0.04,1.125
39.615195989608765,0.0,0.0,5.227195,0.0,-160.99852,-0.93,1.6875
39.65345335006714,0.0,0.0,5.227195,0.0,-161.754242,0.65,3.125
39.701395750045776,0.0,0.0,5.227195,0.0,-163.096008,-0.4,4.3125
39.72785258293152,0.0,0.0,5.227195,0.0,-164.915298,0.78,6.0625
39.97047710418701,10.87005,106.804169,5.227195,0.0,-165.054398,0.7,7.1875
40.2213978767395,10.87005,106.804169,5.227195,0.0,-165.054398,0.7,7.1875
40.2637414932251,10.87005,106.804169,5.227195,0.0,-171.420364,-0.37,7.1875
40.289650678634644,10.87005,106.804169,5.329689,0.0,-172.611969,0.04,7.1875
40.53871941566467,0.0,0.0,5.363854,0.0,-173.933487,-0.03,5.9375
40.593653440475464,0.0,0.0,5.603006,0.0,-176.788223,-0.06,4.1875
40.677961111068726,0.0,0.0,5.671336,0.0,-177.429413,0.29,3.0625
40.92377305030823,0.0,0.0,5.500513,0.0,-177.825989,-0.11,2.25
40.97283601760864,0.0,0.0,5.415101,0.0,-178.249466,-0.19,1.625
41.016401052474976,0.0,0.0,5.517595,0.0,-178.684906,0.29,2.0625
41.26124620437622,10.869884,106.80423,5.48343,0.0,-179.027588,0.31,1.6875
41.401124238967896,10.869884,106.80423,5.534678,0.0,-179.364853,0.06,2.5625
41.49864625930786,0.0,0.0,5.415101,0.0,-179.919876,0.44,2.3125
41.5703067779541,0.0,0.0,5.48343,0.0,179.636871,-0.15,3.125
41.65961003303528,0.0,0.0,5.449265,0.0,179.147766,-0.19,2.3125
41.68459153175354,0.0,0.0,5.278442,0.0,178.678543,-0.02,2.625
41.746394634246826,0.0,0.0,5.500513,0.0,178.229919,-0.31,2.0
41.95440220832825,0.0,0.0,5.312607,0.0,177.787476,-0.25,2.0625
42.16282629966736,0.0,0.0,5.415101,0.0,177.33197,0.52,2.0625
42.25346493721008,0.0,0.0,5.346771,0.0,176.910568,0.11,2.1875
42.306947469711304,10.869884,106.80423,5.603006,0.0,176.012299,0.33,1.9375
42.37292957305908,10.869884,106.80423,5.603006,0.0,175.346222,-0.55,1.9375
42.3982675075531,10.869884,106.80423,5.603006,0.0,174.239792,0.28,1.9375
42.594730615615845,10.869884,106.80423,5.603006,0.0,173.267395,0.02,4.5
42.633851289749146,0.0,0.0,5.603006,0.0,171.586716,-0.29,5.625
42.734424352645874,0.0,0.0,5.603006,0.0,169.808258,0.3,5.8125
42.883267641067505,0.0,0.0,5.603006,0.0,168.191025,-0.26,5.75
42.975019216537476,0.0,0.0,5.278442,0.0,167.132034,0.14,4.5625
43.01138734817505,0.0,0.0,5.278442,0.0,165.992783,0.12,3.125
43.29838943481445,0.0,0.0,5.278442,0.0,165.025345,-0.29,3.1875
43.36312961578369,10.869884,106.80423,5.278442,0.0,164.355133,0.21,3.25
43.4702889919281,0.0,0.0,5.278442,0.0,163.37825,0.2,3.1875
43.5261492729187,0.0,0.0,5.278442,0.0,162.825867,-0.08,1.0625
43.76540923118591,0.0,0.0,5.227195,0.0,161.719574,-0.18,2.5
43.8336865901947,0.0,0.0,5.175948,0.0,161.180603,-0.44,2.6875
43.85749793052673,0.0,0.0,5.26136,0.0,160.412598,0.04,3.75
44.09122562408447,10.869884,106.80423,5.039289,0.0,159.872284,-0.19,3.75
44.16462993621826,0.0,0.0,5.073454,0.0,158.969727,0.15,3.6875
44.188486099243164,0.0,0.0,5.227195,0.0,158.185791,0.46,3.8125
44.211151123046875,0.0,0.0,5.158866,0.0,157.244629,-0.12,4.625
44.28942275047302,0.0,0.0,4.988042,0.0,156.031006,0.04,5.75
44.40328860282898,0.0,0.0,4.919713,0.0,154.943893,-0.51,5.5625
44.622565269470215,0.0,0.0,5.005125,0.0,153.731598,0.27,6.0
44.6998815536499,0.0,0.0,5.073454,0.0,152.651459,0.37,5.875
44.77252960205078,0.0,0.0,5.022207,0.0,151.013092,0.61,7.875
44.808069944381714,0.0,0.0,4.902631,0.0,149.29393,-0.06,7.875
44.85309839248657,10.869884,106.80423,4.902631,0.0,149.29393,-0.06,8.1875
44.98394966125488,10.869884,106.80423,4.902631,0.0,140.605392,0.0,8.1875
45.08968544006348,10.86965,106.80423,5.107619,0.0,139.634079,0.12,8.625
45.181066036224365,0.0,0.0,5.022207,0.0,133.893677,-0.13,8.1875
45.36777663230896,0.0,0.0,5.039289,0.0,132.328964,-0.2,8.125
45.40079069137573,0.0,0.0,4.902631,0.0,130.574188,-0.1,8.4375
45.45321440696716,0.0,0.0,5.090537,0.0,128.812637,-0.32,7.5625
45.511746406555176,0.0,0.0,4.936795,0.0,127.20546,-0.43,7.8125
45.577582359313965,0.0,0.0,4.936795,0.0,125.388557,-0.24,8.5625
45.655322313308716,10.86965,106.80423,4.936795,0.0,125.388557,-0.24,8.5625
45.85471844673157,10.86965,106.80423,4.936795,0.0,117.940071,0.08,9.8125
46.06581902503967,10.86965,106.80423,4.936795,0.0,115.30513,-0.75,10.75
46.12112045288086,10.86965,106.80423,4.936795,0.0,113.340149,-0.48,10.0
46.31929087638855,0.0,0.0,4.936795,0.0,109.926308,-0.13,11.375
46.41808795928955,0.0,0.0,4.936795,0.0,106.116318,-0.07,11.375
46.65105366706848,0.0,0.0,4.936795,0.0,102.331947,-0.54,11.75
46.69820713996887,0.0,0.0,4.936795,0.0,99.032715,-0.41,11.25
46.7672016620636,0.0,0.0,4.663478,0.0,96.376823,0.28,11.3125
46.818145990371704,0.0,0.0,4.783054,0.0,93.968231,0.29,11.4375
46.85073447227478,10.86965,106.80423,4.800137,0.0,92.946785,-0.3,10.375
46.89962077140808,0.0,0.0,4.748889,0.0,90.724991,-0.47,10.5625
47.09079837799072,0.0,0.0,4.885548,0.0,88.841148,0.16,9.8125
47.155861616134644,0.0,0.0,4.988042,0.0,84.788017,-0.05,6.3125
47.3489453792572,0.0,0.0,4.902631,0.0,83.366722,-0.46,6.5625
47.43577480316162,0.0,0.0,4.902631,0.0,82.219978,-0.06,5.25
47.48728036880493,0.0,0.0,4.97096,0.0,81.221062,0.37,4.5625
47.55285859107971,0.0,0.0,4.936795,0.0,80.440941,-0.32,4.125
47.64159178733826,10.86965,106.80423,4.936795,0.0,80.440941,-0.32,4.6875
47.73981785774231,10.86965,106.80423,4.936795,0.0,80.440941,-0.32,4.6875
47.770859479904175,10.86965,106.80423,4.936795,0.0,77.60424,0.14,1.5625
47.81081438064575,10.86965,106.80423,5.022207,0.0,77.451607,-0.13,1.5625
47.858710050582886,0.0,0.0,4.953878,0.0,77.215553,0.38,1.75
47.908873558044434,0.0,0.0,5.039289,0.0,77.322075,-0.45,-0.6875
47.935129165649414,0.0,0.0,4.919713,0.0,77.563385,-0.28,-0.875
48.10917401313782,0.0,0.0,5.056372,0.0,77.776886,-0.6,-1.25
48.16205310821533,0.0,0.0,5.107619,0.0,78.010735,0.57,-1.125
48.236971616744995,0.0,0.0,4.936795,0.0,78.198456,-0.67,-1.0625
48.45734119415283,0.0,0.0,5.022207,0.0,78.089478,0.21,0.5625
48.529043436050415,0.0,0.0,5.090537,0.0,77.784103,0.04,1.25
48.75896620750427,10.869567,106.804047,4.885548,0.0,77.578362,-0.24,1.375
48.81900763511658,10.869567,106.804047,5.022207,0.0,77.416161,0.02,1.5625
48.91989207267761,0.0,0.0,4.919713,0.0,77.137764,0.0,0.875
49.079734563827515,0.0,0.0,4.919713,0.0,75.581116,0.56,2.9375
49.16086506843567,0.0,0.0,4.919713,0.0,74.670013,-0.04,3.125
49.27785849571228,0.0,0.0,4.919713,0.0,73.64341,0.17,2.75
49.339237213134766,0.0,0.0,4.919713,0.0,72.806595,0.29,3.625
49.440455198287964,10.869567,106.804047,4.919713,0.0,72.139893,0.38,3.4375
49.4798903465271,0.0,0.0,4.919713,0.0,71.409576,0.05,2.3125
49.56453776359558,0.0,0.0,4.800137,0.0,70.970123,0.12,1.75
49.59424328804016,0.0,0.0,4.629313,0.0,70.891792,0.24,0.25
49.66183352470398,0.0,0.0,4.646396,0.0,71.045502,0.02,-1.375
49.89334177970886,0.0,0.0,4.595149,0.0,71.184441,0.32,-0.5
49.94141387939453,0.0,0.0,4.68056,0.0,71.467857,-0.39,-1.0
50.21261382102966,0.0,0.0,4.663478,0.0,72.166519,-0.33,-3.625
50.25931000709534,10.869567,106.804047,4.492655,0.0,74.27594,-0.14,-4.4375
50.53096008300781,0.0,0.0,4.714725,0.0,75.535599,-0.19,-5.1875
50.73054909706116,0.0,0.0,4.578066,0.0,76.72599,0.55,-6.0
50.92079544067383,0.0,0.0,4.612231,0.0,77.855713,-0.06,-5.75
51.01719307899475,0.0,0.0,4.578066,0.0,79.139633,0.01,-5.8125
51.22928071022034,0.0,0.0,4.765972,0.0,80.501213,-0.45,-6.8125
51.28874683380127,0.0,0.0,4.697643,0.0,82.191765,0.29,-7.0
51.3656690120697,0.0,0.0,4.560984,0.0,83.701508,0.08,-8.25
51.39070415496826,0.0,0.0,4.612231,0.0,85.401558,-0.41,-8.0
51.41503024101257,10.869567,106.804047,4.509737,0.0,85.744873,0.6,-8.875
51.56450581550598,10.869567,106.804047,4.509737,0.0,85.744873,0.6,-8.875
51.7724986076355,10.869567,106.804047,4.509737,0.0,95.122749,0.66,-8.875
51.798992395401,10.869567,106.804047,4.765972,0.0,97.651978,-0.01,-14.25
52.041932344436646,0.0,0.0,4.817219,0.0,100.85025,0.29,-16.5625
52.09567356109619,0.0,0.0,4.765972,0.0,104.513985,-0.03,-17.375
52.198617458343506,0.0,0.0,4.731807,0.0,107.989876,-0.25,-18.4375
52.2360565662384,0.0,0.0,4.817219,0.0,112.063751,-0.23,-19.0625
52.281028747558594,0.0,0.0,4.748889,0.0,115.864571,0.01,-19.375
52.327038526535034,0.0,0.0,4.988042,0.0,119.986946,0.07,-19.375
52.37843418121338,0.0,0.0,4.97096,0.0,123.725937,0.26,-19.3125
52.607468366622925,0.0,0.0,4.714725,0.0,127.442581,0.24,-19.125
52.63117218017578,10.869567,106.804047,4.988042,0.0,134.863312,-0.12,-17.0625
52.864891052246094,0.0,0.0,4.988042,0.0,140.162521,0.46,-14.75
52.89585781097412,0.0,0.0,4.988042,0.0,144.299652,0.05,-13.75
52.95874214172363,0.0,0.0,4.988042,0.0,147.836273,0.02,-10.875
53.09891176223755,0.0,0.0,4.988042,0.0,150.316086,0.38,-7.875
53.16511034965515,0.0,0.0,4.988042,0.0,152.178207,-0.06,-5.75
53.22716569900513,0.0,0.0,4.988042,0.0,153.620377,0.15,-4.75
53.40912342071533,0.0,0.0,4.373078,0.0,154.683578,0.04,-5.0625
53.455161333084106,0.0,0.0,4.287666,0.0,155.516556,0.34,-4.25
53.6628680229187,0.0,0.0,4.390161,0.0,156.098862,0.3,-2.875
53.809645891189575,0.0,0.0,4.185173,0.0,156.507736,0.45,-2.5625
53.849924087524414,0.0,0.0,4.16809,0.0,157.029007,-0.02,-2.8125
53.93956637382507,0.0,0.0,4.304749,0.0,157.53952,0.24,-2.625
53.996203899383545,0.0,0.0,4.287666,0.0,158.034409,-0.01,-1.875
54.1763551235199,0.0,0.0,4.304749,0.0,158.500839,0.13,-2.25
54.30988168716431,0.0,0.0,4.202255,0.0,159.04776,0.13,-2.1875
54.354546546936035,10.869567,106.804047,4.304749,0.0,159.905106,-0.01,-1.0
54.43462014198303,0.0,0.0,4.16809,0.0,158.774353,-0.14,1.4375
54.547117471694946,0.0,0.0,4.151008,0.0,158.497131,0.11,1.25
54.59478974342346,0.0,0.0,4.23642,0.0,158.211029,0.2,1.125
54.78905987739563,0.0,0.0,4.270584,0.0,157.97789,-0.12,1.375
54.83481216430664,10.869567,106.804047,4.185173,0.0,157.97789,-0.12,1.1875
54.894445180892944,10.869567,106.804047,4.185173,0.0,157.97789,-0.12,1.1875
54.94355249404907,10.869567,106.804047,4.185173,0.0,156.995956,0.01,0.625
54.99623894691467,10.869567,106.804047,4.373078,0.0,156.922607,0.08,0.625
55.088674783706665,0.0,0.0,4.509737,0.0,156.746826,-0.1,0.875
55.18628644943237,0.0,0.0,4.45849,0.0,156.651001,0.04,0.8125
55.2312331199646,0.0,0.0,4.304749,0.0,156.722519,0.37,-0.375
55.37434434890747,0.0,0.0,4.560984,0.0,156.942245,0.21,-1.125
55.397032022476196,0.0,0.0,4.492655,0.0,157.130936,0.18,-0.875
55.41998624801636,0.0,0.0,4.492655,0.0,157.487091,0.49,-1.125
55.44734740257263,10.869567,106.804047,4.492655,0.0,157.813675,0.09,-0.4375
55.486677408218384,10.869567,106.804047,4.492655,0.0,157.813675,0.09,-0.4375
55.70871448516846,10.869567,106.804047,4.492655,0.0,157.813675,0.09,-0.4375
55.75529384613037,10.869567,106.804047,4.492655,0.0,157.813675,0.09,0.75
55.867815256118774,10.869567,106.804047,4.492655,0.0,157.813675,0.09,0.75
55.91995811462402,10.869567,106.804047,4.492655,0.0,156.287308,0.1,0.75
56.179951667785645,10.869567,106.804047,4.492655,0.0,156.010574,-0.21,1.0625
56.27079749107361,10.869567,106.804047,4.560984,0.0,155.891953,-0.35,0.9375
56.32164812088013,0.0,0.0,4.612231,0.0,155.650726,0.06,0.875
56.55644178390503,0.0,0.0,4.834301,0.0,155.405426,-0.17,0.6875
56.65517783164978,0.0,0.0,4.612231,0.0,155.16983,-0.08,1.3125
56.723299741744995,0.0,0.0,4.748889,0.0,154.634491,0.04,3.375
56.916958808898926,0.0,0.0,4.509737,0.0,153.886429,0.12,4.0
56.986042737960815,0.0,0.0,4.765972,0.0,153.067566,0.08,2.875
57.15055751800537,10.869567,106.804047,4.543901,0.0,150.281601,0.42,4.6875
57.35651898384094,0.0,0.0,4.475572,0.0,149.1064,0.55,4.875
57.381913900375366,0.0,0.0,4.475572,0.0,147.738556,0.18,6.5625
57.447179317474365,0.0,0.0,4.338913,0.0,146.178726,-0.26,7.1875
57.65871834754944,0.0,0.0,4.45849,0.0,144.068069,-0.03,9.25
57.90947341918945,0.0,0.0,4.407243,0.0,142.172272,0.2,9.25
58.00505328178406,0.0,0.0,4.23642,0.0,140.139465,0.18,10.5
58.220335245132446,0.0,0.0,4.287666,0.0,137.85817,-0.11,10.75
58.27848720550537,0.0,0.0,4.355996,0.0,135.55307,-0.14,11.875
58.38108205795288,0.0,0.0,4.270584,0.0,132.912231,0.13,13.375
58.42710494995117,10.869567,106.804047,4.202255,0.0,131.172562,0.05,14.75
58.52485179901123,0.0,0.0,4.23642,0.0,127.853195,0.05,15.6875
58.68912935256958,0.0,0.0,4.253502,0.0,124.545769,-0.21,15.625
58.777623653411865,0.0,0.0,4.151008,0.0,121.720795,-0.06,16.5
58.80078196525574,0.0,0.0,3.997267,0.0,117.936172,0.4,17.5
58.85312294960022,0.0,0.0,3.980185,0.0,107.283493,0.42,19.75
58.95132875442505,0.0,0.0,3.980185,0.0,100.799057,0.78,21.375
59.07667589187622,0.0,0.0,3.980185,0.0,94.619957,-0.25,21.3125
59.10044002532959,10.869567,106.804047,3.980185,0.0,90.153847,0.34,21.125
59.181711196899414,0.0,0.0,3.980185,0.0,84.328011,0.69,19.25
59.205628633499146,0.0,0.0,3.348138,0.0,80.282524,0.2,18.625
59.273749351501465,0.0,0.0,3.211479,0.0,76.603905,-0.06,19.0
59.47758722305298,0.0,0.0,3.450632,0.0,72.640068,0.98,18.875
59.65028524398804,0.0,0.0,3.023574,0.0,69.445084,0.34,18.1875
59.67465376853943,0.0,0.0,3.091903,0.0,65.631943,1.39,18.25
59.734675884246826,0.0,0.0,2.972327,0.0,62.078133,0.74,16.5
59.90361452102661,10.869567,106.804047,2.972327,0.0,60.50938,0.33,16.875
59.987008571624756,10.869567,106.804047,2.972327,0.0,60.50938,0.33,16.875
60.02220273017883,10.869567,106.804047,2.972327,0.0,47.667427,0.29,11.875
60.07070565223694,10.869567,106.804047,2.596515,0.0,41.931274,-0.05,9.375
60.148608446121216,0.0,0.0,2.767339,0.0,40.137268,0.12,8.4375
60.2040114402771,0.0,0.0,2.92108,0.0,38.506298,0.24,7.625
60.27838182449341,0.0,0.0,2.989409,0.0,37.254467,0.06,5.9375
60.32697629928589,0.0,0.0,2.989409,0.0,36.131912,0.1,5.625
60.354549169540405,0.0,0.0,3.160232,0.0,35.444504,0.26,4.1875
60.41986393928528,0.0,0.0,3.211479,0.0,34.88232,0.0,2.25
60.52099895477295,10.869567,106.804047,3.36522,0.0,34.622925,-0.26,1.125
60.60191583633423,0.0,0.0,3.331056,0.0,34.275875,-0.38,1.6875
60.654683113098145,0.0,0.0,3.467714,0.0,33.933147,-0.19,2.125
60.839192390441895,0.0,0.0,3.587291,0.0,33.399567,0.04,3.1875
61.0231032371521,0.0,0.0,3.467714,0.0,32.535133,0.65,4.1875
61.07976746559143,0.0,0.0,3.638538,0.0,31.428305,0.25,5.9375
61.16765069961548,0.0,0.0,3.450632,0.0,29.97187,0.0,6.1875
61.26109719276428,0.0,0.0,3.501879,0.0,28.725834,0.28,6.375
61.31056594848633,0.0,0.0,3.43355,0.0,27.381571,0.0,6.3125
61.3664276599884,0.0,0.0,3.43355,0.0,26.324291,0.07,5.875
61.54987144470215,10.869567,106.804047,3.467714,0.0,26.324291,0.07,5.4375
61.61127710342407,10.869567,106.804047,3.467714,0.0,26.324291,0.07,5.4375
61.64857482910156,10.869567,106.804047,3.467714,0.0,24.340548,-0.13,0.75
61.67536997795105,10.869567,106.804047,3.467714,0.0,24.639111,-0.16,-1.5
61.94095253944397,10.869217,106.803764,3.467714,0.0,25.212397,0.02,-3.25
62.059348344802856,0.0,0.0,3.467714,0.0,26.13122,0.18,-3.0625
62.09063482284546,0.0,0.0,3.467714,0.0,27.050188,0.22,-2.875
62.15215802192688,0.0,0.0,3.877691,0.0,27.747988,-0.07,-2.6875
62.207738637924194,0.0,0.0,3.911855,0.0,28.859131,0.28,-4.625
62.30836057662964,0.0,0.0,4.065596,0.0,30.275736,0.19,-6.375
62.36197209358215,0.0,0.0,3.963102,0.0,31.713102,0.04,-7.1875
62.42203164100647,0.0,0.0,4.065596,0.0,33.305035,0.32,-7.75
62.47153663635254,0.0,0.0,4.253502,0.0,34.796684,0.45,-7.5625
62.516088008880615,0.0,0.0,4.065596,0.0,36.425915,-0.11,-6.6875
62.55774807929993,0.0,0.0,3.963102,0.0,37.982746,-0.23,-7.25
62.750203371047974,0.0,0.0,4.270584,0.0,41.994164,0.28,-6.125
62.79748177528381,0.0,0.0,4.407243,0.0,42.99091,0.07,-4.75
62.90229654312134,0.0,0.0,4.475572,0.0,43.677883,0.32,-3.1875
62.938647508621216,0.0,0.0,4.304749,0.0,44.523319,-0.4,-3.75
63.16786766052246,0.0,0.0,4.595149,0.0,45.369312,-0.02,-3.125
63.217811822891235,0.0,0.0,4.646396,0.0,46.13184,-0.01,-4.25
63.31419014930725,0.0,0.0,4.663478,0.0,47.009418,0.37,-4.5625
63.37041902542114,0.0,0.0,4.748889,0.0,47.829147,0.18,-4.375
63.493390798568726,0.0,0.0,4.868466,0.0,48.712093,0.78,-4.75
63.553184509277344,0.0,0.0,4.783054,0.0,49.619053,0.78,-4.0625
63.721449851989746,0.0,0.0,5.141783,0.0,50.637501,0.17,-5.1875
63.98132586479187,0.0,0.0,4.97096,0.0,51.644455,0.48,-5.1875
64.00770449638367,0.0,0.0,5.107619,0.0,52.791142,0.27,-5.125
64.12100124359131,0.0,0.0,5.158866,0.0,53.809895,0.7,-4.8125
64.17076539993286,0.0,0.0,5.141783,0.0,54.967522,0.24,-5.3125
64.33797264099121,0.0,0.0,5.107619,0.0,55.774845,0.28,-4.1875
64.62131881713867,0.0,0.0,5.346771,0.0,56.174603,0.45,-1.875
64.71793866157532,0.0,0.0,5.039289,0.0,56.186028,0.6,-0.125
64.77598714828491,0.0,0.0,5.141783,0.0,56.185295,0.19,-0.375
64.87859177589417,0.0,0.0,5.005125,0.0,56.193897,0.1,-0.4375
64.96992492675781,0.0,0.0,4.936795,0.0,56.192245,0.52,-0.0625
65.10535264015198,0.0,0.0,5.039289,0.0,56.336945,0.3,-0.375
65.20388102531433,0.0,0.0,5.056372,0.0,56.517063,0.4,-1.375
65.27071404457092,0.0,0.0,4.97096,0.0,56.797318,0.46,-0.75
65.37759757041931,0.0,0.0,4.97096,0.0,57.047878,0.43,-1.0
65.43973851203918,0.0,0.0,4.97096,0.0,57.171436,0.73,-1.1875
65.49968409538269,0.0,0.0,4.97096,0.0,57.314651,0.35,-0.25
65.56711292266846,0.0,0.0,4.817219,0.0,57.39286,-0.04,-0.375
65.65533924102783,0.0,0.0,4.834301,0.0,57.512741,-0.46,-1.625
65.7953634262085,0.0,0.0,4.800137,0.0,57.613159,0.11,-0.9375
65.8710126876831,0.0,0.0,4.629313,0.0,57.724552,-0.23,-0.875
66.01399159431458,0.0,0.0,4.800137,0.0,57.947571,0.0,-0.8125
66.05589199066162,0.0,0.0,4.783054,0.0,58.019688,0.27,-0.1875
66.12962913513184,0.0,0.0,4.748889,0.0,58.183289,-0.05,0.0625
66.16009879112244,0.0,0.0,4.45849,0.0,58.430099,0.73,-0.75
66.24108219146729,0.0,0.0,4.492655,0.0,58.758606,0.62,-1.0625
66.43942403793335,0.0,0.0,4.270584,0.0,58.841858,0.63,0.3125
66.66958236694336,0.0,0.0,3.775197,0.0,58.570259,0.54,0.5625
66.6952223777771,0.0,0.0,3.604373,0.0,58.082157,0.82,2.6875
66.72377181053162,0.0,0.0,3.057738,0.0,57.476028,0.86,3.0625
66.98474931716919,0.0,0.0,2.784421,0.0,56.874561,0.13,3.1875
67.0893042087555,0.0,0.0,2.579433,0.0,55.964016,0.58,4.0
67.1534914970398,0.0,0.0,2.528186,0.0,54.97768,0.35,5.0625
67.18166184425354,0.0,0.0,2.391527,0.0,53.780807,-0.22,5.1875
67.40704321861267,0.0,0.0,2.237786,0.0,51.720394,0.33,5.4375
67.45907711982727,0.0,0.0,2.186539,0.0,50.865921,0.21,4.75
67.65408301353455,0.0,0.0,2.203621,0.0,50.159111,0.36,3.375
67.68335270881653,0.0,0.0,2.152375,0.0,49.748158,0.1,2.3125
67.7684371471405,0.0,0.0,2.101127,0.0,49.408009,0.28,1.125
67.79359340667725,0.0,0.0,2.066963,0.0,49.306866,-0.13,0.5625
68.06012678146362,0.0,0.0,2.152375,0.0,49.331554,0.0,-0.25
68.15942406654358,0.0,0.0,2.203621,0.0,49.424183,-0.17,-0.625
68.21735525131226,0.0,0.0,2.391527,0.0,49.594879,-0.32,-0.875
68.44255018234253,0.0,0.0,2.494021,0.0,49.765926,-0.23,-1.25
68.67800164222717,0.0,0.0,2.596515,0.0,49.973755,-0.16,0.375
68.73133277893066,0.0,0.0,2.494021,0.0,49.690269,0.1,1.5
68.78476142883301,0.0,0.0,2.63068,0.0,49.25098,-0.06,2.125
68.86924600601196,0.0,0.0,2.596515,0.0,48.83437,-0.05,1.9375
68.92580318450928,0.0,0.0,2.63068,0.0,48.383739,0.06,2.125
68.95015525817871,0.0,0.0,2.681927,0.0,47.932655,0.13,2.3125
69.04157495498657,0.0,0.0,2.647762,0.0,47.466885,-0.03,2.625
69.10715985298157,0.0,0.0,2.647762,0.0,47.06575,0.09,2.3125
69.35877084732056,0.0,0.0,2.716092,0.0,46.599113,0.01,2.0625
69.40837144851685,0.0,0.0,2.903997,0.0,45.414013,0.08,0.75
69.4570837020874,0.0,0.0,2.938162,0.0,45.467865,-0.04,-0.875
69.51564311981201,0.0,0.0,2.903997,0.0,45.574219,0.0,-0.5625
69.63347601890564,0.0,0.0,3.040656,0.0,45.670902,0.13,-0.5
69.69505715370178,0.0,0.0,3.040656,0.0,45.761856,-0.2,-0.3125
69.77536845207214,0.0,0.0,3.160232,0.0,45.837872,-0.23,-0.5
69.83417344093323,0.0,0.0,3.211479,0.0,45.935986,-0.01,-0.9375
69.90357875823975,0.0,0.0,3.126068,0.0,46.104477,0.19,0.125
69.9304895401001,0.0,0.0,3.296891,0.0,46.232849,-0.01,-0.0
70.00560975074768,0.0,0.0,3.279809,0.0,46.234772,-0.15,-0.0625
70.10635304450989,0.0,0.0,3.279809,0.0,46.252174,-0.07,-0.375
70.1593906879425,0.0,0.0,3.14315,0.0,46.299744,0.04,-0.5
70.2399320602417,0.0,0.0,3.313973,0.0,46.323879,0.07,-0.125
70.3191249370575,0.0,0.0,3.331056,0.0,46.372509,0.31,0.375
70.60205149650574,0.0,0.0,3.501879,0.0,46.452271,0.29,-1.125
70.67143607139587,0.0,0.0,3.348138,0.0,46.496105,0.02,-0.9375
70.88745975494385,0.0,0.0,3.501879,0.0,46.552071,0.42,-0.8125
70.98001265525818,0.0,0.0,3.484797,0.0,46.597141,0.76,-0.625
71.09236264228821,0.0,0.0,3.518961,0.0,46.631416,-0.06,-0.4375
71.14636731147766,0.0,0.0,3.450632,0.0,46.653805,0.02,-0.75
71.17199611663818,0.0,0.0,3.450632,0.0,46.693466,0.21,-0.6875
71.27060890197754,0.0,0.0,3.416467,0.0,46.763222,-0.06,0.375
71.32130408287048,0.0,0.0,3.536044,0.0,46.808975,0.26,0.75
71.40633583068848,0.0,0.0,3.536044,0.0,46.461323,-0.26,2.625
71.4993588924408,0.0,0.0,3.36522,0.0,46.049427,0.87,1.9375
71.5214512348175,0.0,0.0,3.518961,0.0,45.592575,0.09,1.8125
71.60414218902588,0.0,0.0,3.416467,0.0,45.2066,0.17,2.375
71.66310620307922,0.0,0.0,3.43355,0.0,44.79689,0.22,2.1875
71.76388335227966,0.0,0.0,3.501879,0.0,44.600445,-0.26,0.9375
71.81664752960205,0.0,0.0,3.467714,0.0,44.363827,0.1,0.4375
71.86928653717041,0.0,0.0,3.553126,0.0,44.167412,0.14,1.5625
72.0631992816925,0.0,0.0,3.36522,0.0,43.925941,0.51,0.8125
72.11756372451782,0.0,0.0,3.43355,0.0,43.750397,0.28,1.0625
72.16115045547485,0.0,0.0,3.467714,0.0,43.540905,0.46,0.9375
72.34786772727966,0.0,0.0,3.450632,0.0,42.069496,-0.25,2.4375
72.5211272239685,0.0,0.0,3.450632,0.0,41.160446,0.29,3.125
72.54334092140198,0.0,0.0,3.382303,0.0,40.718018,0.43,1.8125
72.71405243873596,0.0,0.0,3.416467,0.0,40.633854,0.0,0.1875
72.73665881156921,0.0,0.0,3.604373,0.0,40.783306,0.29,-1.0
72.95015525817871,0.0,0.0,3.467714,0.0,41.2761,-0.23,-2.5625
72.98302841186523,0.0,0.0,3.570208,0.0,42.015148,-0.23,-4.5
73.02084374427795,0.0,0.0,3.43355,0.0,42.943356,-0.04,-4.125
73.05826354026794,0.0,0.0,3.518961,0.0,43.831917,-0.22,-4.3125
73.09208369255066,0.0,0.0,3.587291,0.0,44.807541,0.0,-4.75
73.11311793327332,0.0,0.0,3.672702,0.0,45.808891,-0.11,-4.6875
73.2851312160492,0.0,0.0,3.809361,0.0,46.716095,-0.01,-5.0625
73.34385299682617,0.0,0.0,3.928937,0.0,47.455036,0.21,-3.1875
73.38403129577637,0.0,0.0,4.031432,0.0,47.814846,0.19,-1.5625
73.44526839256287,0.0,0.0,3.980185,0.0,47.12804,-0.26,2.0
73.62985348701477,0.0,0.0,4.099761,0.0,46.653206,-0.38,2.4375
73.7032721042633,0.0,0.0,3.997267,0.0,46.274517,0.07,1.8125
73.74125695228577,0.0,0.0,4.287666,0.0,45.68874,0.23,1.875
73.76515698432922,0.0,0.0,4.151008,0.0,45.309654,-0.07,1.9375
73.7871322631836,0.0,0.0,4.151008,0.0,45.038898,0.07,1.0625
73.82468247413635,0.0,0.0,4.253502,0.0,45.120663,0.15,0.0625
73.85130620002747,0.0,0.0,4.321831,0.0,45.242935,-0.11,-0.6875
73.87269306182861,0.0,0.0,4.219337,0.0,45.402264,0.0,-0.8125
73.89652276039124,0.0,0.0,4.16809,0.0,45.523277,0.16,-0.5
73.94817805290222,0.0,0.0,4.355996,0.0,45.673031,-0.25,-0.9375
73.96940994262695,0.0,0.0,4.424325,0.0,45.424011,-0.36,0.9375
74.0110068321228,0.0,0.0,4.441408,0.0,44.9687,0.06,2.25
74.05598020553589,0.0,0.0,4.355996,0.0,44.553276,-0.04,2.5
74.10234355926514,0.0,0.0,4.287666,0.0,44.040592,0.89,2.6875
74.14314484596252,0.0,0.0,4.373078,0.0,43.500473,-0.02,2.375
74.16571998596191,0.0,0.0,4.321831,0.0,43.140907,-0.02,2.25
74.22448372840881,0.0,0.0,4.287666,0.0,42.755531,0.02,1.25
74.24876022338867,0.0,0.0,4.270584,0.0,42.441109,0.17,1.8125
74.27110409736633,0.0,0.0,4.304749,0.0,42.064754,0.33,2.1875
74.29355978965759,0.0,0.0,4.16809,0.0,41.677147,-0.21,1.1875
74.32151365280151,0.0,0.0,4.253502,0.0,41.374279,0.03,1.4375
74.43159437179565,0.0,0.0,4.253502,0.0,41.401031,0.75,-0.25
74.48350286483765,0.0,0.0,4.253502,0.0,41.474815,-0.12,-0.625
74.5065529346466,0.0,0.0,4.253502,0.0,41.516586,-0.18,-1.0
74.53116989135742,0.0,0.0,4.253502,0.0,41.504066,-0.01,1.0625
74.7224977016449,0.0,0.0,4.253502,0.0,41.02393,0.59,2.3125
74.75666618347168,0.0,0.0,4.253502,0.0,40.476639,-0.08,1.5
74.84095168113708,0.0,0.0,4.253502,0.0,39.962418,0.5,1.1875
74.88983082771301,0.0,0.0,4.253502,0.0,39.396519,0.18,1.6875
74.93574166297913,0.0,0.0,4.253502,0.0,38.890911,0.2,1.5625
74.98300433158875,0.0,0.0,4.253502,0.0,38.363747,-0.07,1.3125
75.03308486938477,0.0,0.0,4.253502,0.0,37.83828,-0.15,2.0625
75.08408451080322,0.0,0.0,4.253502,0.0,37.306923,0.0,1.875
75.32328462600708,0.0,0.0,4.253502,0.0,36.806129,0.01,1.75
75.37058210372925,0.0,0.0,4.253502,0.0,36.266708,0.45,1.6875
75.4667456150055,0.0,0.0,4.253502,0.0,35.809002,0.66,1.4375
75.50182962417603,0.0,0.0,4.253502,0.0,35.301643,0.43,2.125
75.55348038673401,0.0,0.0,4.253502,0.0,34.839378,0.32,1.375
75.58840560913086,0.0,0.0,4.253502,0.0,34.372803,0.47,2.1875
75.63026857376099,0.0,0.0,4.253502,0.0,33.934185,0.23,2.25
75.67218828201294,0.0,0.0,4.253502,0.0,33.626259,0.26,1.3125
75.88537812232971,0.0,0.0,4.253502,0.0,34.384617,0.24,-2.75
76.11771297454834,0.0,0.0,4.253502,0.0,35.219688,0.36,-2.5
76.16558790206909,0.0,0.0,4.253502,0.0,36.374592,0.29,-4.875
76.20715856552124,0.0,0.0,4.253502,0.0,37.68074,0.02,-4.75
76.37953686714172,0.0,0.0,4.253502,0.0,38.916916,0.02,-4.5
76.40744638442993,0.0,0.0,4.253502,0.0,40.177971,0.06,-3.6875
76.48928022384644,0.0,0.0,4.253502,0.0,40.917233,0.1,-2.1875
76.66914415359497,0.0,0.0,4.253502,0.0,41.117004,-0.42,-0.375
76.75851202011108,0.0,0.0,4.253502,0.0,40.952381,0.14,1.0
76.95020413398743,0.0,0.0,4.253502,0.0,40.50528,-0.13,1.25
77.03190231323242,0.0,0.0,4.253502,0.0,40.091839,-0.23,1.5
77.0935652256012,0.0,0.0,4.253502,0.0,39.05624,-0.16,1.5625
77.31493878364563,0.0,0.0,4.253502,0.0,38.574696,-0.19,1.25
77.38266515731812,0.0,0.0,4.253502,0.0,38.203114,0.06,0.8125
77.64673137664795,0.0,0.0,4.253502,0.0,38.381474,0.24,-1.3125
77.74283790588379,0.0,0.0,4.253502,0.0,38.91666,0.1,-1.625
77.78773760795593,0.0,0.0,4.253502,0.0,39.50761,-0.17,-1.4375
77.85475754737854,0.0,0.0,4.253502,0.0,39.924965,0.0,-1.5
78.09839820861816,0.0,0.0,4.253502,0.0,38.967148,0.2,2.1875
78.1391851902008,0.0,0.0,4.253502,0.0,38.384968,-0.03,2.0625
78.1735622882843,0.0,0.0,4.253502,0.0,37.785168,-0.1,1.5625
78.42848253250122,0.0,0.0,4.253502,0.0,37.255867,0.28,1.875
78.47989106178284,0.0,0.0,4.253502,0.0,36.62093,-0.33,1.125
78.50554871559143,0.0,0.0,4.253502,0.0,36.113544,-0.23,1.375
78.69808793067932,0.0,0.0,4.253502,0.0,35.497265,0.0,2.9375
78.89804697036743,0.0,0.0,4.253502,0.0,35.022587,0.46,1.9375
79.16039371490479,0.0,0.0,4.253502,0.0,35.083763,0.25,-0.25
79.21212244033813,0.0,0.0,4.253502,0.0,35.492653,0.17,-1.625
79.35006499290466,0.0,0.0,4.253502,0.0,35.944798,0.36,-1.375
79.41718482971191,0.0,0.0,4.014349,0.0,36.341175,0.0,-1.6875
79.46455907821655,0.0,0.0,4.014349,0.0,36.35714,-0.43,0.6875
79.49615979194641,0.0,0.0,4.014349,0.0,36.175304,-0.07,0.6875
79.57418823242188,0.0,0.0,4.082678,0.0,35.787567,0.09,2.375
79.63721585273743,0.0,0.0,3.894773,0.0,35.297386,-0.26,1.75
79.66300749778748,0.0,0.0,3.894773,0.0,34.036964,-0.5,0.5625
79.71321415901184,0.0,0.0,3.894773,0.0,34.314529,-0.03,-0.5625
79.80584025382996,0.0,0.0,3.894773,0.0,34.724693,-0.23,-1.75
79.85480904579163,0.0,0.0,3.894773,0.0,35.01696,-0.28,-0.75
79.96552395820618,0.0,0.0,3.894773,0.0,34.773373,0.46,1.6875
80.00177121162415,0.0,0.0,3.894773,0.0,34.365021,-0.01,1.25
80.23419547080994,0.0,0.0,3.894773,0.0,33.943554,0.25,1.625
80.29441237449646,0.0,0.0,3.894773,0.0,33.59964,-0.04,2.1875
80.53360486030579,0.0,0.0,3.894773,0.0,33.743172,-0.17,-0.625
80.56265068054199,0.0,0.0,3.894773,0.0,33.946362,0.85,-1.0
80.58791661262512,0.0,0.0,3.894773,0.0,34.034508,0.04,-0.1875
80.7981584072113,0.0,0.0,3.894773,0.0,33.686115,-0.55,1.6875
80.89157438278198,0.0,0.0,3.894773,0.0,33.197338,0.35,1.875
80.95083546638489,0.0,0.0,3.894773,0.0,32.7463,0.41,1.5
81.0564215183258,0.0,0.0,3.894773,0.0,32.247021,-0.24,1.125
81.10828185081482,0.0,0.0,3.894773,0.0,31.765398,-0.33,2.3125
81.16888451576233,0.0,0.0,3.894773,0.0,31.201553,-0.13,0.25
81.41890525817871,0.0,0.0,3.894773,0.0,30.893175,0.07,1.0
81.54821729660034,0.0,0.0,3.894773,0.0,31.382666,-0.41,-1.75
81.59263277053833,0.0,0.0,3.894773,0.0,32.396057,-0.43,-4.0
81.69220924377441,0.0,0.0,3.894773,0.0,33.594849,-0.39,-3.4375
81.79781937599182,0.0,0.0,4.219337,0.0,34.394348,0.08,-3.4375
82.03269910812378,0.0,0.0,4.355996,0.0,34.914204,0.35,-2.0625
82.10290598869324,0.0,0.0,4.185173,0.0,35.039864,0.06,-0.125
82.16193652153015,0.0,0.0,3.980185,0.0,34.846386,0.08,1.375
82.39943408966064,0.0,0.0,3.911855,0.0,34.588406,0.46,1.1875
82.49100136756897,0.0,0.0,3.980185,0.0,34.286953,0.4,0.875
82.69796514511108,0.0,0.0,3.980185,0.0,33.976601,-0.03,0.875
82.80596995353699,0.0,0.0,3.980185,0.0,33.595646,0.44,1.6875
83.0377082824707,0.0,0.0,3.980185,0.0,32.922115,0.63,0.625
83.09014868736267,0.0,0.0,3.980185,0.0,32.436806,0.4,1.875
83.13500618934631,0.0,0.0,3.980185,0.0,31.385916,0.17,4.875
83.17025709152222,0.0,0.0,3.980185,0.0,30.075586,-0.68,2.5
83.34992909431458,0.0,0.0,3.980185,0.0,28.735764,-0.36,6.1875
83.40503311157227,0.0,0.0,3.980185,0.0,27.395054,-0.31,3.5625
83.48565697669983,0.0,0.0,3.980185,0.0,26.68811,0.12,2.0
83.6234233379364,0.0,0.0,3.980185,0.0,26.570717,-0.49,-0.0625
83.67312145233154,0.0,0.0,3.980185,0.0,26.571684,-0.34,-0.1875
83.70542120933533,0.0,0.0,3.980185,0.0,26.829937,-0.31,-1.3125
83.78361558914185,0.0,0.0,3.980185,0.0,27.420782,-0.28,-1.9375
83.80888032913208,0.0,0.0,3.980185,0.0,28.077312,-0.29,-2.4375
83.8586494922638,0.0,0.0,3.980185,0.0,28.727814,0.12,-2.0625
84.0711133480072,0.0,0.0,3.980185,0.0,29.388964,0.18,-2.4375
84.1610848903656,0.0,0.0,3.980185,0.0,30.230003,-0.06,-0.3125
84.3652491569519,0.0,0.0,3.980185,0.0,30.228846,0.17,0.125
84.41399049758911,0.0,0.0,3.980185,0.0,30.230644,0.16,0.25
84.49874782562256,0.0,0.0,3.980185,0.0,29.853765,0.28,1.6875
84.67943453788757,0.0,0.0,3.980185,0.0,27.543106,0.46,2.875
84.73945331573486,0.0,0.0,3.980185,0.0,27.269329,0.23,0.9375
84.78999090194702,0.0,0.0,4.253502,0.0,27.425726,-0.05,-0.8125
84.81156420707703,0.0,0.0,4.355996,0.0,27.684925,0.15,-1.3125
84.83304190635681,0.0,0.0,4.407243,0.0,28.412796,0.0,-1.1875
84.90392756462097,0.0,0.0,4.355996,0.0,28.254519,0.17,1.0
84.96281290054321,0.0,0.0,4.185173,0.0,27.829237,-0.43,2.875
84.98369646072388,0.0,0.0,4.355996,0.0,27.146051,0.12,3.375
85.02343010902405,0.0,0.0,4.16809,0.0,26.455078,0.05,3.1875
85.21039271354675,0.0,0.0,4.16809,0.0,25.578991,0.27,3.3125
85.28002572059631,0.0,0.0,4.16809,0.0,25.211977,-0.05,0.875
85.30238676071167,0.0,0.0,4.16809,0.0,25.012314,-0.2,0.875
85.47619032859802,0.0,0.0,4.355996,0.0,24.511177,0.05,1.0
85.51803016662598,0.0,0.0,4.355996,0.0,24.304464,0.5,0.6875
85.5391731262207,0.0,0.0,4.355996,0.0,24.059555,0.34,0.6875
85.58819937705994,0.0,0.0,4.355996,0.0,23.238121,0.16,3.4375
85.74953985214233,0.0,0.0,4.355996,0.0,21.554049,-0.22,5.875
85.93911695480347,0.0,0.0,4.355996,0.0,19.230608,0.38,8.3125
85.96624755859375,0.0,0.0,4.355996,0.0,16.612226,-0.4,8.3125
86.01829886436462,0.0,0.0,4.355996,0.0,14.176334,0.23,8.0
86.20316886901855,0.0,0.0,4.355996,0.0,11.797561,-0.34,7.375
86.22275590896606,0.0,0.0,4.355996,0.0,9.981833,0.9,6.0
86.27129459381104,0.0,0.0,4.355996,0.0,5.241579,0.35,6.0625
86.30581283569336,0.0,0.0,4.355996,0.0,2.784536,-0.83,8.4375
86.46533131599426,0.0,0.0,4.355996,0.0,-0.000254,0.18,8.4375
86.65161323547363,0.0,0.0,4.355996,0.0,-2.645113,-0.14,8.5625
86.70072841644287,0.0,0.0,4.355996,0.0,-5.05335,0.67,7.3125
86.75113272666931,0.0,0.0,4.355996,0.0,-6.572722,0.13,4.625
86.92357683181763,0.0,0.0,4.355996,0.0,-8.066192,-0.08,4.5
87.11990141868591,0.0,0.0,4.355996,0.0,-9.512154,-0.29,4.6875
87.14026474952698,0.0,0.0,5.039289,0.0,-10.994078,0.04,6.9375
87.18056011199951,0.0,0.0,4.953878,0.0,-12.626813,-0.4,7.6875
87.20120573043823,0.0,0.0,5.005125,0.0,-14.127012,0.01,7.875
87.40582180023193,0.0,0.0,4.919713,0.0,-15.750406,0.12,7.6875
87.46652221679688,0.0,0.0,4.953878,0.0,-17.242735,0.59,7.3125
87.48702478408813,0.0,0.0,4.919713,0.0,-21.13603,-0.11,3.375
87.51375818252563,0.0,0.0,4.953878,0.0,-21.767775,-0.4,3.0
87.72009038925171,0.0,0.0,4.953878,0.0,-22.68045,0.26,2.9375
87.73873138427734,0.0,0.0,4.953878,0.0,-23.60133,0.29,2.75
87.78461647033691,0.0,0.0,4.953878,0.0,-24.208841,0.57,2.0
87.98662686347961,0.0,0.0,4.953878,0.0,-24.196781,0.28,-0.8125
88.04431200027466,0.0,0.0,4.953878,0.0,-24.18955,-0.28,-0.0625
88.21781587600708,0.0,0.0,4.953878,0.0,-24.597137,-0.07,1.75
88.42053198814392,0.0,0.0,4.953878,0.0,-25.750816,-0.18,4.3125
88.46188235282898,0.0,0.0,4.953878,0.0,-27.83856,-0.16,7.25
88.49383759498596,0.0,0.0,4.953878,0.0,-30.068079,-0.26,7.8125
88.70382142066956,0.0,0.0,4.953878,0.0,-32.449551,0.0,7.875
88.91603064537048,0.0,0.0,4.953878,0.0,-38.09861,0.0,6.75
88.96512722969055,0.0,0.0,4.953878,0.0,-40.026176,-0.04,6.3125
88.99512076377869,0.0,0.0,4.953878,0.0,-42.294666,0.18,7.625
89.0531051158905,0.0,0.0,4.953878,0.0,-45.264881,-0.08,10.875
89.07416701316833,0.0,0.0,4.953878,0.0,-48.641987,0.23,11.1875
89.10024571418762,0.0,0.0,4.953878,0.0,-51.786926,-0.24,10.125
89.25286507606506,0.0,0.0,4.953878,0.0,-53.959915,0.14,6.9375
89.2755217552185,0.0,0.0,4.953878,0.0,-55.432961,-0.08,4.5
89.3236231803894,0.0,0.0,4.953878,0.0,-55.870125,-0.2,1.25
89.34549117088318,0.0,0.0,4.953878,0.0,-55.855431,-0.31,-0.0
89.4026517868042,0.0,0.0,4.953878,0.0,-55.975349,0.29,0.5
89.57374906539917,0.0,0.0,4.953878,0.0,-56.850456,-0.06,3.5
89.6221330165863,0.0,0.0,4.902631,0.0,-57.928452,-0.51,5.0
89.64712834358215,0.0,0.0,4.919713,0.0,-59.16407,0.11,6.5625
89.66840362548828,0.0,0.0,4.885548,0.0,-60.541271,-0.41,6.3125
89.69028925895691,0.0,0.0,4.817219,0.0,-61.814674,-0.33,6.4375
89.74336075782776,0.0,0.0,4.646396,0.0,-63.099728,-0.26,6.125
89.79105257987976,0.0,0.0,4.800137,0.0,-66.183701,0.12,3.8125
89.96801972389221,0.0,0.0,4.663478,0.0,-66.902634,0.08,3.8125
90.02174139022827,0.0,0.0,4.800137,0.0,-67.516724,0.35,3.1875
90.04848957061768,0.0,0.0,4.800137,0.0,-68.267921,-0.06,2.75
90.0703821182251,0.0,0.0,4.800137,0.0,-68.970779,0.03,2.1875
90.13297271728516,0.0,0.0,4.800137,0.0,-69.719475,0.19,2.375
90.19751811027527,0.0,0.0,4.800137,0.0,-70.112358,-0.43,0.875
90.2386462688446,0.0,0.0,4.748889,0.0,-70.136864,-0.1,0.125
90.4567232131958,0.0,0.0,4.748889,0.0,-70.203651,0.36,0.6875
90.50799345970154,0.0,0.0,4.748889,0.0,-70.34034,-0.35,0.25
90.53814244270325,0.0,0.0,4.748889,0.0,-70.532043,-0.5,1.0625
90.58106303215027,0.0,0.0,4.748889,0.0,-70.815063,0.0,0.6875
90.61427998542786,0.0,0.0,4.748889,0.0,-70.924355,0.07,0.375
90.6443121433258,0.0,0.0,4.748889,0.0,-71.009888,-0.09,0.4375
90.7149670124054,0.0,0.0,4.748889,0.0,-71.112793,0.19,0.3125
90.80059599876404,0.0,0.0,4.748889,0.0,-71.589432,-0.24,1.0625
90.96885466575623,0.0,0.0,4.748889,0.0,-72.452782,-0.08,3.0625
91.22339797019958,0.0,0.0,4.748889,0.0,-73.346954,0.3,3.25
91.26276755332947,0.0,0.0,4.748889,0.0,-74.834953,-0.45,5.375
91.34898495674133,0.0,0.0,4.748889,0.0,-78.933083,0.18,5.5
91.37510967254639,0.0,0.0,4.629313,0.0,-80.395668,-0.27,7.0625
91.58209347724915,0.0,0.0,4.629313,0.0,-82.153145,-0.19,9.4375
91.6741783618927,0.0,0.0,4.612231,0.0,-90.152504,0.13,12.875
91.85924196243286,0.0,0.0,4.441408,0.0,-92.702522,0.35,13.25
91.92117547988892,0.0,0.0,4.595149,0.0,-95.497421,0.38,13.125
91.97920989990234,0.0,0.0,4.475572,0.0,-98.285271,0.02,14.375
92.02518606185913,0.0,0.0,4.543901,0.0,-101.590714,0.03,15.625
92.21112489700317,0.0,0.0,4.646396,0.0,-104.570366,-0.23,15.0625
92.30843877792358,0.0,0.0,4.304749,0.0,-110.617165,0.4,16.8125
92.35144138336182,0.0,0.0,4.270584,0.0,-114.483902,0.63,17.875
92.41967296600342,0.0,0.0,4.014349,0.0,-118.635719,0.37,17.75
92.47200036048889,0.0,0.0,4.014349,0.0,-123.381577,0.25,16.1875
92.51633954048157,0.0,0.0,4.014349,0.0,-127.682457,0.94,12.875
92.5615131855011,0.0,0.0,4.014349,0.0,-131.044189,0.15,11.5
92.74040031433105,0.0,0.0,4.014349,0.0,-134.470459,0.1,10.3125
92.8355164527893,0.0,0.0,4.014349,0.0,-137.155365,-0.22,8.75
93.02259254455566,0.0,0.0,4.014349,0.0,-139.7715,0.35,9.0
93.07034587860107,0.0,0.0,4.014349,0.0,-142.091125,-0.46,7.6875
93.16506814956665,0.0,0.0,4.014349,0.0,-144.240692,0.27,7.3125
93.26828813552856,0.0,0.0,4.014349,0.0,-146.222702,-0.2,6.625
93.53737545013428,0.0,0.0,4.014349,0.0,-148.019806,0.31,5.375
93.5607521533966,0.0,0.0,4.014349,0.0,-149.438293,0.32,5.125
93.76656913757324,0.0,0.0,4.014349,0.0,-150.798615,-0.13,3.8125
93.97829389572144,0.0,0.0,4.014349,0.0,-152.272812,0.36,5.375
94.0916359424591,0.0,0.0,4.014349,0.0,-154.30719,0.46,6.75
94.11835217475891,0.0,0.0,4.014349,0.0,-156.151215,-0.09,6.25
94.1670491695404,0.0,0.0,4.014349,0.0,-158.028076,0.01,5.875
94.2046570777893,0.0,0.0,4.014349,0.0,-159.730011,0.01,5.875
94.2670214176178,0.0,0.0,4.014349,0.0,-161.565384,-0.29,6.0625
94.3165225982666,0.0,0.0,4.014349,0.0,-163.300613,-0.05,5.6875
94.54136300086975,0.0,0.0,2.716092,0.0,-166.406097,-0.01,2.5
94.64991283416748,0.0,0.0,2.613598,0.0,-166.796341,-0.09,2.0
94.73137307167053,0.0,0.0,2.801503,0.0,-167.192673,-0.18,1.5
94.79756164550781,0.0,0.0,2.613598,0.0,-167.519455,0.03,1.3125
94.86984062194824,0.0,0.0,2.801503,0.0,-167.884171,-0.02,1.6875
94.91644644737244,0.0,0.0,2.716092,0.0,-168.210022,0.0,1.8125
94.98203778266907,0.0,0.0,2.596515,0.0,-168.590454,0.12,2.125
95.04976320266724,0.0,0.0,2.494021,0.0,-168.961716,0.32,1.8125
95.33595967292786,0.0,0.0,2.459857,0.0,-169.317001,0.35,1.125
95.39610195159912,0.0,0.0,2.220704,0.0,-170.398148,0.2,2.0
95.46222877502441,0.0,0.0,2.220704,0.0,-171.285706,0.0,2.625
95.62685823440552,0.0,0.0,2.220704,0.0,-172.419083,0.06,4.25
95.8417580127716,0.0,0.0,2.220704,0.0,-173.843979,-0.06,4.875
95.93964505195618,0.0,0.0,2.220704,0.0,-175.688736,0.0,5.75
96.04012560844421,0.0,0.0,2.220704,0.0,-177.568176,0.0,6.5
96.28088784217834,0.0,0.0,2.220704,0.0,-179.789764,-0.12,7.25
96.34104061126709,0.0,0.0,1.60574,0.0,178.619385,0.0,8.25
96.55170822143555,0.0,0.0,1.60574,0.0,175.780029,-0.02,9.25
96.65196704864502,0.0,0.0,1.60574,0.0,172.61795,-0.36,11.0625
96.71535348892212,0.0,0.0,1.60574,0.0,168.504623,-0.23,13.75
96.79270672798157,0.0,0.0,1.60574,0.0,163.925705,-0.03,16.0625
96.86517810821533,0.0,0.0,1.60574,0.0,158.552963,0.39,17.8125
97.08177399635315,0.0,0.0,1.60574,0.0,153.118591,0.96,18.8125
97.1406741142273,0.0,0.0,1.60574,0.0,148.068695,0.56,15.875
97.3743577003479,0.0,0.0,1.60574,0.0,144.186844,0.33,12.9375
97.48789882659912,0.0,0.0,1.60574,0.0,140.974762,0.12,10.0
97.6935305595398,0.0,0.0,1.60574,0.0,138.591187,-0.07,7.8125
97.72254061698914,0.0,0.0,1.60574,0.0,136.360474,-0.14,7.1875
97.77256727218628,0.0,0.0,1.60574,0.0,134.424911,-0.11,6.625
97.82466721534729,0.0,0.0,1.60574,0.0,132.695129,-0.06,5.375
97.98519277572632,0.0,0.0,0.256235,0.0,130.406555,-0.06,2.5
98.088876247406,0.0,0.0,0.187906,0.0,130.070709,-0.03,1.75
98.32564997673035,0.0,0.0,0.119576,0.0,129.871353,-0.1,0.8125
98.43908333778381,0.0,0.0,0.051247,0.0,129.851379,0.0,0.1875
98.50357580184937,0.0,0.0,0.0,0.0,129.851837,-0.17,-0.4375
98.5904312133789,0.0,0.0,-0.017082,0.0,129.852676,-0.2,-0.5
98.76199126243591,0.0,0.0,-0.034165,0.0,129.857391,-0.13,-0.375
98.82719349861145,0.0,0.0,-0.017082,0.0,129.8582,-0.13,-0.125
98.96798396110535,0.0,0.0,0.0,0.0,129.858612,-0.09,0.0625
99.07207703590393,0.0,0.0,0.0,0.0,129.858612,-0.04,0.0625
99.12955379486084,0.0,0.0,-0.017082,0.0,129.858612,-0.13,-0.3125
99.31210899353027,0.0,0.0,-0.017082,0.0,129.85939,-0.13,0.0625
99.36507797241211,0.0,0.0,-0.017082,0.0,129.856552,-0.06,-0.1875
99.44380378723145,0.0,0.0,-0.017082,0.0,129.856644,0.0,-0.125
99.55253171920776,0.0,0.0,0.0,0.0,129.857925,-0.61,-0.0
99.58020997047424,0.0,0.0,0.0,0.0,128.940628,-0.43,4.0625
99.6513671875,0.0,0.0,0.0,0.0,126.986099,1.45,6.75
99.71694540977478,0.0,0.0,0.0,0.0,126.388145,0.4,-0.1875
99.79326033592224,0.0,0.0,0.0,0.0,126.451904,0.52,-0.5625
99.85158252716064,0.0,0.0,0.0,0.0,126.473755,0.19,-0.1875
99.90617942810059,0.0,0.0,0.0,0.0,126.470352,0.31,0.0625
99.99977588653564,0.0,0.0,0.0,0.0,126.473274,0.2,0.1875
100.10039782524109,0.0,0.0,0.0,0.0,126.469925,0.13,0.125
100.14780163764954,0.0,0.0,0.0,0.0,126.467026,0.15,-0.0
100.31754565238953,0.0,0.0,0.0,0.0,126.469963,0.09,-0.125
100.42098808288574,0.0,0.0,0.0,0.0,126.4683,0.05,0.1875
100.5262508392334,0.0,0.0,0.0,0.0,126.474968,0.68,-0.0625
100.64570093154907,0.0,0.0,0.0,0.0,126.693459,0.49,-0.9375
100.69414258003235,0.0,0.0,-0.273317,0.0,126.730507,0.66,-0.4375
100.76557064056396,0.0,0.0,-0.478305,0.0,126.730507,0.66,-0.4375
100.94885659217834,0.0,0.0,-0.358729,0.0,126.730507,0.66,-0.4375
101.01072335243225,0.0,0.0,-0.153741,0.0,126.730507,0.66,-0.4375
101.0773766040802,0.0,0.0,-0.051247,0.0,126.730507,0.66,-0.4375
101.14058232307434,0.0,0.0,0.034165,0.0,126.730507,0.66,-0.4375
101.17257523536682,0.0,0.0,0.017082,0.0,126.730507,0.66,-0.4375
101.23234248161316,0.0,0.0,0.0,0.0,126.730507,0.66,-0.4375
101.30469393730164,0.0,0.0,0.017082,0.0,126.730507,0.66,-0.4375
101.41018605232239,0.0,0.0,0.0,0.0,126.730507,0.66,-0.4375
101.61988234519958,0.0,0.0,0.0,0.0,126.730507,0.66,-0.4375
101.67146921157837,0.0,0.0,0.0,0.0,126.730507,0.66,-0.4375
101.79325413703918,0.0,0.0,0.0,0.0,126.730507,0.66,-0.4375
101.8957896232605,0.0,0.0,-0.153741,0.0,126.730507,0.66,-0.4375
101.92573595046997,0.0,0.0,-0.392894,0.0,126.730507,0.66,-0.4375
102.15743112564087,0.0,0.0,-0.546635,0.0,126.730507,0.66,-0.4375
102.26374578475952,0.0,0.0,-0.649129,0.0,126.730507,0.66,-0.4375
102.4235246181488,0.0,0.0,-0.751623,0.0,126.730507,0.66,-0.4375
102.48324608802795,0.0,0.0,-0.785788,0.0,126.730507,0.66,-0.4375
102.59496998786926,0.0,0.0,-0.819952,0.0,126.730507,0.66,-0.4375
102.64936804771423,0.0,0.0,-0.819952,0.0,126.730507,0.66,-0.4375
102.71308517456055,0.0,0.0,-0.785788,0.0,126.730507,0.66,-0.4375
102.82262754440308,0.0,0.0,-0.768705,0.0,126.730507,0.66,-0.4375
102.89164757728577,0.0,0.0,-0.717458,0.0,126.730507,0.66,-0.4375
102.98626446723938,0.0,0.0,-0.80287,0.0,126.730507,0.66,-0.4375
103.01595044136047,0.0,0.0,-0.990776,0.0,126.730507,0.66,-0.4375
103.09530687332153,0.0,0.0,-0.956611,0.0,126.730507,0.66,-0.4375
103.31259751319885,0.0,0.0,-0.580799,0.0,126.730507,0.66,-0.4375
103.36598300933838,0.0,0.0,-0.2904,0.0,126.730507,0.66,-0.4375
103.64957189559937,0.0,0.0,-0.017082,0.0,126.730507,0.66,-0.4375
103.72466492652893,0.0,0.0,0.068329,0.0,126.730507,0.66,-0.4375
103.96877121925354,0.0,0.0,0.068329,0.0,126.730507,0.66,-0.4375
104.07363486289978,0.0,0.0,0.068329,0.0,126.730507,0.66,-0.4375
104.13850235939026,0.0,0.0,0.068329,0.0,126.730507,0.66,-0.4375
104.18599271774292,0.0,0.0,0.034165,0.0,126.730507,0.66,-0.4375
104.256032705307,0.0,0.0,0.034165,0.0,126.730507,0.66,-0.4375
104.45365262031555,0.0,0.0,0.034165,0.0,126.730507,0.66,-0.4375
104.52013731002808,0.0,0.0,0.444141,0.0,126.730507,0.66,-0.4375
104.58632564544678,0.0,0.0,0.666211,0.0,126.730507,0.66,-0.4375
104.65046191215515,0.0,0.0,0.80287,0.0,126.730507,0.66,-0.4375
104.77559518814087,0.0,0.0,0.905364,0.0,126.730507,0.66,-0.4375
104.85040855407715,0.0,0.0,0.990776,0.0,126.730507,0.66,-0.4375
105.00591564178467,0.0,0.0,1.110352,0.0,126.730507,0.66,-0.4375
105.05443835258484,0.0,0.0,1.110352,0.0,126.730507,0.66,-0.4375
105.2266640663147,0.0,0.0,1.161599,0.0,126.730507,0.66,-0.4375
105.30042314529419,0.0,0.0,1.161599,0.0,126.730507,0.66,-0.4375
105.3325309753418,0.0,0.0,1.178681,0.0,126.730507,0.66,-0.4375
105.42928957939148,0.0,0.0,1.076187,0.0,126.730507,0.66,-0.4375
105.49817562103271,0.0,0.0,1.076187,0.0,126.730507,0.66,-0.4375
105.5898597240448,0.0,0.0,1.02494,0.0,126.730507,0.66,-0.4375
105.66588973999023,0.0,0.0,0.990776,0.0,126.730507,0.66,-0.4375
105.73689341545105,0.0,0.0,0.939529,0.0,126.730507,0.66,-0.4375
105.8301751613617,0.0,0.0,0.922446,0.0,126.730507,0.66,-0.4375
105.97624945640564,0.0,0.0,0.854117,0.0,126.730507,0.66,-0.4375
106.15857863426208,0.0,0.0,0.717458,0.0,126.730507,0.66,-0.4375
106.21559762954712,0.0,0.0,0.700376,0.0,126.730507,0.66,-0.4375
106.46292781829834,0.0,0.0,0.546635,0.0,126.730507,0.66,-0.4375
106.49530267715454,0.0,0.0,0.375811,0.0,126.730507,0.66,-0.4375
106.74239468574524,0.0,0.0,0.307482,0.0,126.730507,0.66,-0.4375
106.93875622749329,0.0,0.0,0.358729,0.0,126.730507,0.66,-0.4375
107.06249642372131,0.0,0.0,0.392894,0.0,126.730507,0.66,-0.4375
107.10276699066162,0.0,0.0,0.392894,0.0,126.730507,0.66,-0.4375
107.2639102935791,0.0,0.0,0.2904,0.0,126.730507,0.66,-0.4375
107.36546230316162,0.0,0.0,0.22207,0.0,126.730507,0.66,-0.4375
107.4321939945221,0.0,0.0,0.170823,0.0,126.730507,0.66,-0.4375
107.53056812286377,0.0,0.0,0.187906,0.0,126.730507,0.66,-0.4375
107.69385552406311,0.0,0.0,0.187906,0.0,126.730507,0.66,-0.4375
107.88009572029114,0.0,0.0,0.204988,0.0,126.730507,0.66,-0.4375
107.94569778442383,0.0,0.0,0.136659,0.0,126.730507,0.66,-0.4375
108.00135707855225,0.0,0.0,0.034165,0.0,126.730507,0.66,-0.4375
108.17743754386902,0.0,0.0,0.0,0.0,126.730507,0.66,-0.4375
108.2489128112793,0.0,0.0,0.0,0.0,126.730507,0.66,-0.4375
108.53577375411987,0.0,0.0,0.0,0.0,126.730507,0.66,-0.4375
108.59312796592712,0.0,0.0,0.0,0.0,126.730507,0.66,-0.4375
108.64070630073547,0.0,0.0,0.0,0.0,126.730507,0.66,-0.4375
108.73320436477661,0.0,0.0,0.0,0.0,126.730507,0.66,-0.4375
108.80554914474487,0.0,0.0,0.0,0.0,126.730507,0.66,-0.4375
108.8725368976593,0.0,0.0,-0.017082,0.0,126.730507,0.66,-0.4375
108.94174909591675,0.0,0.0,-0.017082,0.0,126.730507,0.66,-0.4375
109.04195427894592,0.0,0.0,0.0,0.0,126.730507,0.66,-0.4375
109.14887189865112,0.0,0.0,0.0,0.0,126.730507,0.66,-0.4375
109.38956260681152,0.0,0.0,0.0,0.0,126.730507,0.66,-0.4375
109.6581175327301,0.0,0.0,0.0,0.0,126.730507,0.66,-0.4375
109.71578526496887,0.0,0.0,0.0,0.0,126.730507,0.66,-0.4375
109.86203145980835,0.0,0.0,0.0,0.0,126.730507,0.66,-0.4375
109.89285063743591,0.0,0.0,0.017082,0.0,126.730507,0.66,-0.4375
109.9445128440857,0.0,0.0,0.0,0.0,126.730507,0.66,-0.4375
110.01211833953857,0.0,0.0,-0.017082,0.0,126.730507,0.66,-0.4375
110.0417730808258,0.0,0.0,0.0,0.0,126.730507,0.66,-0.4375
110.11090302467346,0.0,0.0,0.017082,0.0,126.730507,0.66,-0.4375
110.23057556152344,0.0,0.0,-0.034165,0.0,126.730507,0.66,-0.4375
110.3399908542633,0.0,0.0,0.0,0.0,126.730507,0.66,-0.4375
110.49779987335205,0.0,0.0,0.0,0.0,126.730507,0.66,-0.4375
110.56182146072388,0.0,0.0,0.0,0.0,126.730507,0.66,-0.4375
110.67318511009216,0.0,0.0,0.0,0.0,126.730507,0.66,-0.4375
110.79489970207214,0.0,0.0,0.0,0.0,126.730507,0.66,-0.4375
110.8643856048584,0.0,0.0,0.0,0.0,126.730507,0.66,-0.4375
111.0327377319336,0.0,0.0,0.017082,0.0,126.730507,0.66,-0.4375
111.25087833404541,0.0,0.0,0.0,0.0,126.730507,0.66,-0.4375
111.27970886230469,0.0,0.0,0.0,0.0,126.730507,0.66,-0.4375
111.34896564483643,0.0,0.0,0.0,0.0,126.730507,0.66,-0.4375
111.42063546180725,0.0,0.0,0.0,0.0,126.730507,0.66,-0.4375
111.60925483703613,0.0,0.0,0.017082,0.0,126.730507,0.66,-0.4375
111.69761991500854,0.0,0.0,0.0,0.0,126.730507,0.66,-0.4375
111.76585865020752,0.0,0.0,0.0,0.0,126.730507,0.66,-0.4375
111.97371435165405,0.0,0.0,-0.017082,0.0,126.730507,0.66,-0.4375
112.04120755195618,0.0,0.0,0.0,0.0,126.730507,0.66,-0.4375
112.08127450942993,0.0,0.0,0.0,0.0,126.730507,0.66,-0.4375
112.15755367279053,0.0,0.0,0.0,0.0,126.730507,0.66,-0.4375
112.29061532020569,0.0,0.0,0.0,0.0,126.730507,0.66,-0.4375
112.37256145477295,0.0,0.0,0.0,0.0,126.730507,0.66,-0.4375
112.48224973678589,0.0,0.0,0.0,0.0,126.730507,0.66,-0.4375
112.54556369781494,0.0,0.0,0.0,0.0,126.730507,0.66,-0.4375
112.58105278015137,0.0,0.0,0.0,0.0,126.730507,0.66,-0.4375
112.63232064247131,0.0,0.0,0.0,0.0,126.730507,0.66,-0.4375
112.69142198562622,0.0,0.0,0.0,0.0,126.730507,0.66,-0.4375
112.72451424598694,0.0,0.0,0.0,0.0,126.730507,0.66,-0.4375
112.84599494934082,0.0,0.0,0.0,0.0,126.730507,0.66,-0.4375
112.91732978820801,0.0,0.0,-0.017082,0.0,126.730507,0.66,-0.4375
113.03698945045471,0.0,0.0,0.0,0.0,126.730507,0.66,-0.4375
113.21235942840576,0.0,0.0,0.017082,0.0,126.730507,0.66,-0.4375
113.28881454467773,0.0,0.0,0.0,0.0,126.730507,0.66,-0.4375
113.35656142234802,0.0,0.0,0.0,0.0,126.730507,0.66,-0.4375
113.52170777320862,0.0,0.0,0.0,0.0,126.730507,0.66,-0.4375
113.61739373207092,0.0,0.0,0.0,0.0,126.730507,0.66,-0.4375
113.80052709579468,0.0,0.0,0.0,0.0,126.730507,0.66,-0.4375
114.00579023361206,0.0,0.0,0.0,0.0,126.730507,0.66,-0.4375
114.0542140007019,0.0,0.0,0.0,0.0,126.730507,0.66,-0.4375
114.27692484855652,0.0,0.0,0.0,0.0,126.730507,0.66,-0.4375
114.35366654396057,0.0,0.0,0.0,0.0,126.730507,0.66,-0.4375
114.45658588409424,0.0,0.0,0.0,0.0,126.730507,0.66,-0.4375
114.51632809638977,0.0,0.0,0.0,0.0,126.730507,0.66,-0.4375
114.6592469215393,0.0,0.0,0.0,0.0,126.730507,0.66,-0.4375
114.70144414901733,0.0,0.0,0.0,0.0,126.730507,0.66,-0.4375
114.84083366394043,0.0,0.0,0.0,0.0,126.730507,0.66,-0.4375
114.9398832321167,0.0,0.0,0.0,0.0,126.730507,0.66,-0.4375
115.0081775188446,0.0,0.0,0.0,0.0,126.730507,0.66,-0.4375
115.13580513000488,0.0,0.0,0.0,0.0,126.730507,0.66,-0.4375
115.24581933021545,0.0,0.0,0.0,0.0,126.730507,0.66,-0.4375
115.36186003684998,0.0,0.0,0.0,0.0,126.730507,0.66,-0.4375
115.55163502693176,0.0,0.0,0.0,0.0,126.730507,0.66,-0.4375
115.60351634025574,0.0,0.0,0.017082,0.0,126.730507,0.66,-0.4375
115.72969222068787,0.0,0.0,0.017082,0.0,126.730507,0.66,-0.4375
115.85284757614136,0.0,0.0,-0.017082,0.0,126.730507,0.66,-0.4375
115.93435144424438,0.0,0.0,0.0,0.0,126.730507,0.66,-0.4375
116.07470679283142,0.0,0.0,0.0,0.0,126.730507,0.66,-0.4375
116.12293219566345,0.0,0.0,0.0,0.0,126.730507,0.66,-0.4375
116.2369167804718,0.0,0.0,0.0,0.0,126.730507,0.66,-0.4375
116.35568618774414,0.0,0.0,0.0,0.0,126.730507,0.66,-0.4375
116.41218757629395,0.0,0.0,0.0,0.0,126.730507,0.66,-0.4375
116.61949610710144,0.0,0.0,0.0,0.0,126.730507,0.66,-0.4375
116.78993797302246,0.0,0.0,0.0,0.0,126.730507,0.66,-0.4375
116.96016383171082,0.0,0.0,0.0,0.0,126.730507,0.66,-0.4375
117.07856440544128,0.0,0.0,0.0,0.0,126.730507,0.66,-0.4375
117.23925137519836,0.0,0.0,0.0,0.0,126.730507,0.66,-0.4375
117.27187275886536,0.0,0.0,0.0,0.0,126.730507,0.66,-0.4375
117.33246850967407,0.0,0.0,0.0,0.0,126.730507,0.66,-0.4375
117.43927550315857,0.0,0.0,0.0,0.0,126.730507,0.66,-0.4375
117.59424090385437,0.0,0.0,0.0,0.0,126.730507,0.66,-0.4375
117.63713765144348,0.0,0.0,0.0,0.0,126.730507,0.66,-0.4375
117.78590822219849,0.0,0.0,0.0,0.0,126.730507,0.66,-0.4375
117.88732361793518,0.0,0.0,0.0,0.0,126.730507,0.66,-0.4375
118.03230738639832,0.0,0.0,0.0,0.0,126.730507,0.66,-0.4375
118.22415137290955,0.0,0.0,0.0,0.0,126.730507,0.66,-0.4375
118.33227109909058,0.0,0.0,0.0,0.0,126.730507,0.66,-0.4375
118.46357917785645,0.0,0.0,0.0,0.0,126.730507,0.66,-0.4375
118.6828875541687,0.0,0.0,0.0,0.0,126.730507,0.66,-0.4375
118.7385356426239,0.0,0.0,0.0,0.0,126.730507,0.66,-0.4375
118.88361120223999,0.0,0.0,0.0,0.0,126.730507,0.66,-0.4375
119.04098320007324,0.0,0.0,0.0,0.0,126.730507,0.66,-0.4375
119.10437273979187,0.0,0.0,0.0,0.0,126.730507,0.66,-0.4375
119.13731527328491,0.0,0.0,0.0,0.0,126.730507,0.66,-0.4375
119.21989512443542,0.0,0.0,0.0,0.0,126.730507,0.66,-0.4375
119.3670072555542,0.0,0.0,0.0,0.0,126.730507,0.66,-0.4375
119.5808253288269,0.0,0.0,0.0,0.0,126.730507,0.66,-0.4375
119.65104985237122,0.0,0.0,0.0,0.0,126.730507,0.66,-0.4375
119.70871758460999,0.0,0.0,0.0,0.0,126.730507,0.66,-0.4375
119.8993468284607,0.0,0.0,0.0,0.0,126.730507,0.66,-0.4375
119.98770427703857,0.0,0.0,0.0,0.0,126.730507,0.66,-0.4375
120.0310628414154,0.0,0.0,0.0,0.0,126.730507,0.66,-0.4375
120.0613808631897,0.0,0.0,0.0,0.0,126.730507,0.66,-0.4375
120.11712408065796,0.0,0.0,0.0,0.0,126.730507,0.66,-0.4375
120.16656517982483,0.0,0.0,0.0,0.0,126.730507,0.66,-0.4375
120.23032188415527,0.0,0.0,0.0,0.0,126.730507,0.66,-0.4375
120.33334112167358,0.0,0.0,0.0,0.0,126.730507,0.66,-0.4375
120.38674092292786,0.0,0.0,0.0,0.0,126.730507,0.66,-0.4375
120.4584128856659,0.0,0.0,0.0,0.0,126.730507,0.66,-0.4375
120.6853084564209,0.0,0.0,0.0,0.0,126.730507,0.66,-0.4375
120.78529262542725,0.0,0.0,0.0,0.0,126.730507,0.66,-0.4375
120.86765193939209,0.0,0.0,0.0,0.0,126.730507,0.66,-0.4375
120.93978333473206,0.0,0.0,0.0,0.0,126.730507,0.66,-0.4375
121.05665349960327,0.0,0.0,0.0,0.0,126.730507,0.66,-0.4375
121.08703899383545,0.0,0.0,0.0,0.0,126.730507,0.66,-0.4375
121.18618392944336,0.0,0.0,0.0,0.0,126.730507,0.66,-0.4375
121.21608972549438,0.0,0.0,0.0,0.0,126.730507,0.66,-0.4375
121.24734401702881,0.0,0.0,0.0,0.0,126.730507,0.66,-0.4375
121.3514404296875,0.0,0.0,0.0,0.0,126.730507,0.66,-0.4375
121.53981685638428,0.0,0.0,0.0,0.0,126.730507,0.66,-0.4375
121.62121176719666,0.0,0.0,-0.017082,0.0,126.730507,0.66,-0.4375
121.8020567893982,0.0,0.0,0.0,0.0,126.730507,0.66,-0.4375
121.86447072029114,0.0,0.0,0.0,0.0,126.730507,0.66,-0.4375
121.97490811347961,0.0,0.0,0.0,0.0,126.730507,0.66,-0.4375
122.15901517868042,0.0,0.0,0.0,0.0,126.730507,0.66,-0.4375
122.22860360145569,0.0,0.0,0.0,0.0,126.730507,0.66,-0.4375
122.32909893989563,0.0,0.0,0.0,0.0,126.730507,0.66,-0.4375
122.53609299659729,0.0,0.0,0.0,0.0,126.730507,0.66,-0.4375
122.5661940574646,0.0,0.0,0.0,0.0,126.730507,0.66,-0.4375
122.62164568901062,0.0,0.0,0.0,0.0,126.730507,0.66,-0.4375
122.80477166175842,0.0,0.0,0.0,0.0,126.730507,0.66,-0.4375
122.89703011512756,0.0,0.0,0.0,0.0,126.730507,0.66,-0.4375
122.93688035011292,0.0,0.0,0.0,0.0,126.730507,0.66,-0.4375
122.98229908943176,0.0,0.0,0.0,0.0,126.730507,0.66,-0.4375
123.21152877807617,0.0,0.0,0.0,0.0,126.730507,0.66,-0.4375
123.40830397605896,0.0,0.0,0.0,0.0,126.730507,0.66,-0.4375
123.47061538696289,0.0,0.0,0.0,0.0,126.730507,0.66,-0.4375
123.52452206611633,0.0,0.0,0.0,0.0,126.730507,0.66,-0.4375
123.576101064682,0.0,0.0,0.0,0.0,126.730507,0.66,-0.4375
123.67868566513062,0.0,0.0,0.0,0.0,126.730507,0.66,-0.4375
123.74472188949585,0.0,0.0,0.0,0.0,126.730507,0.66,-0.4375
123.8046326637268,0.0,0.0,0.0,0.0,126.730507,0.66,-0.4375
123.90655946731567,0.0,0.0,0.0,0.0,126.730507,0.66,-0.4375
123.9767689704895,0.0,0.0,0.0,0.0,126.730507,0.66,-0.4375
124.04249930381775,0.0,0.0,0.0,0.0,126.730507,0.66,-0.4375
124.15545749664307,0.0,0.0,0.0,0.0,126.730507,0.66,-0.4375
124.36605739593506,0.0,0.0,0.0,0.0,126.730507,0.66,-0.4375
124.40112829208374,0.0,0.0,0.0,0.0,126.730507,0.66,-0.4375
124.54021620750427,0.0,0.0,0.0,0.0,126.730507,0.66,-0.4375
124.7344102859497,0.0,0.0,0.0,0.0,126.730507,0.66,-0.4375
124.8670597076416,0.0,0.0,0.0,0.0,126.730507,0.66,-0.4375
124.91696381568909,0.0,0.0,0.0,0.0,126.730507,0.66,-0.4375
124.99206805229187,0.0,0.0,0.0,0.0,126.730507,0.66,-0.4375
125.1578369140625,0.0,0.0,0.0,0.0,126.730507,0.66,-0.4375
125.43001890182495,0.0,0.0,0.0,0.0,126.730507,0.66,-0.4375
125.52576637268066,0.0,0.0,0.0,0.0,126.730507,0.66,-0.4375
125.60191893577576,0.0,0.0,0.0,0.0,126.730507,0.66,-0.4375
125.68353462219238,0.0,0.0,0.0,0.0,126.730507,0.66,-0.4375
125.74686002731323,0.0,0.0,0.0,0.0,126.730507,0.66,-0.4375
125.960280418396,0.0,0.0,0.0,0.0,126.730507,0.66,-0.4375
126.06052684783936,0.0,0.0,0.0,0.0,126.730507,0.66,-0.4375
126.25020694732666,0.0,0.0,0.0,0.0,126.730507,0.66,-0.4375
126.2799699306488,0.0,0.0,0.0,0.0,126.730507,0.66,-0.4375
126.50164294242859,0.0,0.0,0.0,0.0,126.730507,0.66,-0.4375
126.56327509880066,0.0,0.0,0.0,0.0,126.730507,0.66,-0.4375
126.611563205719,0.0,0.0,0.0,0.0,126.730507,0.66,-0.4375
126.67642664909363,0.0,0.0,0.0,0.0,126.730507,0.66,-0.4375
126.79105353355408,0.0,0.0,0.0,0.0,126.730507,0.66,-0.4375
126.88634967803955,0.0,0.0,0.0,0.0,126.730507,0.66,-0.4375
127.0508770942688,0.0,0.0,0.0,0.0,126.730507,0.66,-0.4375
127.14011311531067,0.0,0.0,0.0,0.0,126.730507,0.66,-0.4375
127.28048539161682,0.0,0.0,0.0,0.0,126.730507,0.66,-0.4375
127.3493766784668,0.0,0.0,0.0,0.0,126.730507,0.66,-0.4375
127.45938038825989,0.0,0.0,-0.017082,0.0,126.730507,0.66,-0.4375
127.52563619613647,0.0,0.0,0.0,0.0,126.730507,0.66,-0.4375
127.66095852851868,0.0,0.0,-0.017082,0.0,126.730507,0.66,-0.4375
127.78537607192993,0.0,0.0,0.0,0.0,126.730507,0.66,-0.4375
127.84368896484375,0.0,0.0,-0.017082,0.0,126.730507,0.66,-0.4375
127.97269129753113,0.0,0.0,0.0,0.0,126.730507,0.66,-0.4375
128.02436995506287,0.0,0.0,0.0,0.0,126.730507,0.66,-0.4375
128.13072991371155,0.0,0.0,0.0,0.0,126.730507,0.66,-0.4375
128.24790501594543,0.0,0.0,0.0,0.0,126.730507,0.66,-0.4375
128.3088767528534,0.0,0.0,0.0,0.0,126.730507,0.66,-0.4375
128.35107016563416,0.0,0.0,0.0,0.0,126.730507,0.66,-0.4375
128.39483404159546,0.0,0.0,0.0,0.0,126.730507,0.66,-0.4375
128.4677722454071,0.0,0.0,0.0,0.0,126.730507,0.66,-0.4375
128.5993049144745,0.0,0.0,0.0,0.0,126.730507,0.66,-0.4375
128.683753490448,0.0,0.0,0.0,0.0,126.730507,0.66,-0.4375
128.76550245285034,0.0,0.0,-0.409976,0.0,126.730507,0.66,-0.4375
128.864182472229,0.0,0.0,0.017082,0.0,126.730507,0.66,-0.4375
129.0795533657074,0.0,0.0,0.017082,0.0,126.730507,0.66,-0.4375
129.17672204971313,0.0,0.0,0.017082,0.0,126.730507,0.66,-0.4375
129.35944199562073,0.0,0.0,0.0,0.0,126.730507,0.66,-0.4375
129.41022324562073,0.0,0.0,-3.194397,0.0,126.730507,0.66,-0.4375
129.4481337070465,0.0,0.0,-2.989409,0.0,126.730507,0.66,-0.4375
129.53990530967712,0.0,0.0,-3.775197,0.0,126.730507,0.66,-0.4375
129.7099256515503,0.0,0.0,0.0,0.0,126.730507,0.66,-0.4375
129.7763912677765,0.0,0.0,0.0,0.0,126.730507,0.66,-0.4375
129.83210825920105,0.0,0.0,0.0,0.0,126.730507,0.66,-0.4375
129.93168830871582,0.0,0.0,-3.331056,0.0,126.730507,0.66,-0.4375
129.99674224853516,0.0,0.0,-4.048514,0.0,126.730507,0.66,-0.4375
130.09334468841553,0.0,0.0,-3.553126,0.0,126.730507,0.66,-0.4375
130.19245195388794,0.0,0.0,-2.972327,0.0,126.730507,0.66,-0.4375
130.3896951675415,0.0,0.0,-2.084045,0.0,126.730507,0.66,-0.4375
130.6156520843506,0.0,0.0,0.0,0.0,126.730507,0.66,-0.4375
130.76506352424622,0.0,0.0,0.0,0.0,126.730507,0.66,-0.4375
130.85274720191956,0.0,0.0,0.0,0.0,126.730507,0.66,-0.4375
130.95737767219543,0.0,0.0,0.0,0.0,126.730507,0.66,-0.4375
131.14196848869324,0.0,0.0,0.0,0.0,126.730507,0.66,-0.4375
131.24791741371155,0.0,0.0,-1.998633,0.0,126.730507,0.66,-0.4375
131.4944634437561,0.0,0.0,-1.708234,0.0,126.730507,0.66,-0.4375
131.5625696182251,0.0,0.0,-1.212846,0.0,126.730507,0.66,-0.4375
131.66734719276428,0.0,0.0,0.0,0.0,126.730507,0.66,-0.4375
131.73260617256165,0.0,0.0,0.0,0.0,126.730507,0.66,-0.4375
131.80221509933472,0.0,0.0,0.0,0.0,126.730507,0.66,-0.4375
131.9883110523224,0.0,0.0,0.0,0.0,126.730507,0.66,-0.4375
132.16928505897522,0.0,0.0,0.0,0.0,126.730507,0.66,-0.4375
132.27988243103027,0.0,0.0,0.0,0.0,126.730507,0.66,-0.4375
132.51278018951416,0.0,0.0,0.0,0.0,126.730507,0.66,-0.4375
132.6338415145874,0.0,0.0,0.0,0.0,126.730507,0.66,-0.4375
132.8569803237915,0.0,0.0,0.0,0.0,126.730507,0.66,-0.4375
132.92148971557617,0.0,0.0,0.0,0.0,126.730507,0.66,-0.4375
132.99108004570007,0.0,0.0,0.0,0.0,126.730507,0.66,-0.4375
133.1721658706665,0.0,0.0,0.0,0.0,126.730507,0.66,-0.4375
133.24399542808533,0.0,0.0,0.0,0.0,126.730507,0.66,-0.4375
133.42846274375916,0.0,0.0,0.0,0.0,126.730507,0.66,-0.4375
133.48421502113342,0.0,0.0,0.0,0.0,126.730507,0.66,-0.4375
133.58490347862244,0.0,0.0,0.0,0.0,126.730507,0.66,-0.4375
133.68925714492798,0.0,0.0,0.0,0.0,126.730507,0.66,-0.4375
133.74959182739258,0.0,0.0,0.0,0.0,126.730507,0.66,-0.4375
133.82682037353516,0.0,0.0,0.0,0.0,126.730507,0.66,-0.4375
134.13225388526917,0.0,0.0,-2.579433,0.0,126.730507,0.66,-0.4375
134.29814791679382,0.0,0.0,-2.835668,0.0,126.730507,0.66,-0.4375
134.34916973114014,0.0,0.0,-0.017082,0.0,126.730507,0.66,-0.4375
134.53597497940063,0.0,0.0,-0.017082,0.0,126.730507,0.66,-0.4375
134.70484852790833,0.0,0.0,-0.017082,0.0,126.730507,0.66,-0.4375
134.80472540855408,0.0,0.0,0.0,0.0,126.730507,0.66,-0.4375
134.9302520751953,0.0,0.0,-0.017082,0.0,126.730507,0.66,-0.4375
135.03493571281433,0.0,0.0,-2.442774,0.0,126.730507,0.66,-0.4375
135.16557836532593,0.0,0.0,0.0,0.0,126.730507,0.66,-0.4375
135.39523100852966,0.0,0.0,-0.700376,0.0,126.730507,0.66,-0.4375
135.51655912399292,0.0,0.0,-0.017082,0.0,126.730507,0.66,-0.4375
135.59995579719543,0.0,0.0,0.717458,0.0,126.730507,0.66,-0.4375
135.67084622383118,0.0,0.0,0.0,0.0,126.730507,0.66,-0.4375
135.9204068183899,0.0,0.0,0.0,0.0,126.730507,0.66,-0.4375
136.02680087089539,0.0,0.0,0.0,0.0,126.730507,0.66,-0.4375
136.23010444641113,0.0,0.0,-2.254869,0.0,126.730507,0.66,-0.4375
136.29425048828125,0.0,0.0,0.0,0.0,126.730507,0.66,-0.4375
136.5418074131012,0.0,0.0,0.0,0.0,126.730507,0.66,-0.4375
136.71938276290894,0.0,0.0,0.0,0.0,126.730507,0.66,-0.4375
136.81953692436218,0.0,0.0,0.0,0.0,126.730507,0.66,-0.4375
137.03327012062073,0.0,0.0,0.0,0.0,126.730507,0.66,-0.4375
137.06502771377563,0.0,0.0,0.0,0.0,126.730507,0.66,-0.4375
137.18831610679626,0.0,0.0,0.0,0.0,126.730507,0.66,-0.4375
137.26097202301025,0.0,0.0,0.0,0.0,126.730507,0.66,-0.4375
